company_name,date_as_of,revenue_ltm,ebitda_ltm,net_income_ltm,cash,debt,currency_code,source
Acme Soft,2019-01-31,161013.61,10860.23,-1971.26,1473405.68,10299392.18,EUR,pm_system
Acme Soft,2019-02-28,160748.69,10842.36,-1968.02,1485960.29,10365544.76,EUR,pm_system
Acme Soft,2019-03-31,162370.87,10951.78,-1987.88,1518423.93,10859212.65,EUR,pm_system
Acme Soft,2019-04-30,168619.97,11373.27,-2064.39,1405688.7,9749869.74,EUR,pm_system
Acme Soft,2019-05-31,175032.52,11805.79,-2142.9,1309618.4,9662212.4,EUR,pm_system
Acme Soft,2019-06-30,170638.61,11509.43,-2089.1,1191623.06,9871481.52,EUR,pm_system
Acme Soft,2019-07-31,176231.24,11886.65,-2157.57,1157273.91,8848384.47,EUR,pm_system
Acme Soft,2019-08-31,175105.59,11810.72,-2143.79,1179945.14,8324945.35,EUR,pm_system
Acme Soft,2019-09-30,177819.86,11993.8,-2177.02,1179041.9,8517848.15,EUR,pm_system
Acme Soft,2019-10-31,180235.98,12156.76,-2206.6,1121677.45,8925536.73,EUR,pm_system
Acme Soft,2019-11-30,181181.15,12220.51,-2218.17,1120146.1,8592340.03,EUR,pm_system
Acme Soft,2019-12-31,180583.53,12180.2,-2210.86,1070590.69,8532899.57,EUR,pm_system
Acme Soft,2020-01-31,191662.56,12927.47,-2346.49,997153.46,7982165.28,EUR,pm_system
Acme Soft,2020-02-29,202038.23,13627.3,-2473.52,986717.07,7768539.31,EUR,pm_system
Acme Soft,2020-03-31,210361.63,14188.71,-2575.42,956838.51,8335956.44,EUR,pm_system
Acme Soft,2020-04-30,216743.53,14619.16,-2653.56,933495.88,9055285.53,EUR,pm_system
Acme Soft,2020-05-31,214972.43,14499.7,-2631.87,968133.03,9163692.72,EUR,pm_system
Acme Soft,2020-06-30,225517.31,15210.95,-2760.97,1043720.56,9175423.77,EUR,pm_system
Acme Soft,2020-07-31,222675.22,15019.25,-2726.18,1067724.68,8926690.74,EUR,pm_system
Acme Soft,2020-08-31,238351.91,16076.63,-2918.1,1075013.79,8796246.24,EUR,pm_system
Acme Soft,2020-09-30,242056.0,16326.47,-2963.45,1002604.82,8454383.99,EUR,pm_system
Acme Soft,2020-10-31,253193.58,17077.69,-3099.81,969674.55,8100344.49,EUR,pm_system
Acme Soft,2020-11-30,259801.82,17523.41,-3180.71,1027161.91,8333295.27,EUR,pm_system
Acme Soft,2020-12-31,270163.09,18222.27,-3307.56,988294.36,7859360.55,EUR,pm_system
Acme Soft,2021-01-31,285032.87,19225.22,-3489.61,972349.22,7780505.06,EUR,pm_system
Acme Soft,2021-02-28,299240.57,20183.52,-3663.55,999391.71,7922386.55,EUR,pm_system
Acme Soft,2021-03-31,321668.67,21696.27,-3938.14,967235.37,8216414.87,EUR,pm_system
Acme Soft,2021-04-30,325435.54,21950.35,-3984.26,980224.97,8718756.1,EUR,pm_system
Acme Soft,2021-05-31,333647.93,22504.27,-4084.8,1006607.53,9092793.3,EUR,pm_system
Acme Soft,2021-06-30,333331.44,22482.92,-4080.92,964369.8,8712783.94,EUR,pm_system
Acme Soft,2021-07-31,317001.3,21381.46,-3881.0,1063517.0,8328303.29,EUR,pm_system
Acme Soft,2021-08-31,318067.18,21453.36,-3894.05,1048797.22,8430710.34,EUR,pm_system
Acme Soft,2021-09-30,329031.63,22192.9,-4028.28,1093920.33,8234080.06,EUR,pm_system
Acme Soft,2021-10-31,330672.29,22303.56,-4048.37,1109376.32,8152170.35,EUR,pm_system
Acme Soft,2021-11-30,349924.16,23602.08,-4284.07,1136610.12,8391804.31,EUR,pm_system
Acme Soft,2021-12-31,360382.14,24307.47,-4412.1,1203299.24,8452568.21,EUR,pm_system
Acme Soft,2022-01-31,349965.31,23604.86,-4284.57,1227346.45,8232342.67,EUR,pm_system
Acme Soft,2022-02-28,347915.04,23466.57,-4259.47,1263330.04,8640101.49,EUR,pm_system
Acme Soft,2022-03-31,351616.21,23716.21,-4304.78,1282837.94,9228393.88,EUR,pm_system
Acme Soft,2022-04-30,357671.96,24124.67,-4378.92,1449714.83,9437143.71,EUR,pm_system
Acme Soft,2022-05-31,342355.41,23091.58,-4191.4,1504321.35,9581025.57,EUR,pm_system
Acme Soft,2022-06-30,359025.58,24215.97,-4395.49,1554955.41,9527963.56,EUR,pm_system
Acme Soft,2022-07-31,349429.21,23568.7,-4278.01,1538704.31,9203814.44,EUR,pm_system
Acme Soft,2022-08-31,346837.94,23393.92,-4246.28,1583986.72,9818594.09,EUR,pm_system
Acme Soft,2022-09-30,354412.93,23904.85,-4339.02,1489273.58,9993209.02,EUR,pm_system
Acme Soft,2022-10-31,370680.11,25002.05,-4538.18,1443866.9,9939638.55,EUR,pm_system
Acme Soft,2022-11-30,374550.25,25263.09,-4585.56,1387202.46,10197385.48,EUR,pm_system
Acme Soft,2022-12-31,376936.72,25424.06,-4614.78,1416301.29,9835381.49,EUR,pm_system
Acme Soft,2023-01-31,375759.26,25344.64,-4600.36,1467456.77,9688703.24,EUR,pm_system
Acme Soft,2023-02-28,398984.54,26911.16,-4884.7,1438134.33,9775779.38,EUR,pm_system
Acme Soft,2023-03-31,414137.06,27933.19,-5070.21,1336144.3,9087248.24,EUR,pm_system
Acme Soft,2023-04-30,399323.51,26934.03,-4888.85,1420494.03,8886653.36,EUR,pm_system
Acme Soft,2023-05-31,433963.22,29270.45,-5312.94,1380418.52,8952255.1,EUR,pm_system
Acme Soft,2023-06-30,458379.42,30917.3,-5611.87,1518880.9,9690459.34,EUR,pm_system
Acme Soft,2023-07-31,479579.92,32347.25,-5871.42,1596652.35,9920133.67,EUR,pm_system
Acme Soft,2023-08-31,495574.31,33426.06,-6067.24,1552649.76,9595467.98,EUR,pm_system
Acme Soft,2023-09-30,500479.88,33756.94,-6127.3,1539437.9,9421510.57,EUR,pm_system
Acme Soft,2023-10-31,515940.52,34799.74,-6316.58,1612969.55,9454827.63,EUR,pm_system
Acme Soft,2023-11-30,543969.45,36690.27,-6659.73,1520894.06,9381586.95,EUR,pm_system
Acme Soft,2023-12-31,537711.26,36268.16,-6583.11,1378953.84,9350559.91,EUR,pm_system
Acme Soft,2024-01-31,541124.43,36498.38,-6624.9,1483302.71,9586497.61,EUR,pm_system
Acme Soft,2024-02-29,529909.3,35741.93,-6487.59,1620811.73,10054715.08,EUR,pm_system
Acme Soft,2024-03-31,544462.16,36723.5,-6665.76,1602457.33,9668839.55,EUR,pm_system
Acme Soft,2024-04-30,543827.2,36680.68,-6657.99,1689690.99,10397710.05,EUR,pm_system
Acme Soft,2024-05-31,574443.21,38745.7,-7032.82,1648390.77,9932051.76,EUR,pm_system
Acme Soft,2024-06-30,582615.58,39296.92,-7132.87,1502636.81,10060440.49,EUR,pm_system
Acme Soft,2024-07-31,585861.87,39515.88,-7172.61,1467622.63,9418703.88,EUR,pm_system
Acme Soft,2024-08-31,600747.45,40519.9,-7354.86,1428532.44,8977939.87,EUR,pm_system
Acme Soft,2024-09-30,554989.8,37433.58,-6794.65,1426567.14,9614386.6,EUR,pm_system
Acme Soft,2024-10-31,588199.15,39673.53,-7201.23,1393963.22,9382790.62,EUR,pm_system
Acme Soft,2024-11-30,602353.12,40628.2,-7374.51,1324377.59,9496056.63,EUR,pm_system
Acme Soft,2024-12-31,622220.18,41968.22,-7617.74,1405623.73,9458013.88,EUR,pm_system
Acme Soft,2025-01-31,624640.48,42131.46,-7647.37,1343918.07,9145188.04,EUR,pm_system
Acme Soft,2025-02-28,626642.85,42266.52,-7671.89,1368603.53,9479384.17,EUR,pm_system
Acme Soft,2025-03-31,617810.09,41670.76,-7563.75,1470748.47,9376580.78,EUR,pm_system
Acme Soft,2025-04-30,623592.16,42060.75,-7634.54,1415800.45,8467337.39,EUR,pm_system
Acme Soft,2025-05-31,646366.6,43596.87,-7913.36,1467961.65,8372053.58,EUR,pm_system
Acme Soft,2025-06-30,654129.28,44120.46,-8008.4,1505830.6,7848784.88,EUR,pm_system
Acme Soft,2025-07-31,650288.51,43861.4,-7961.38,1565632.0,7454998.96,EUR,pm_system
Acme Soft,2025-08-31,662518.31,44686.29,-8111.11,1459436.61,7594088.36,EUR,pm_system
Acme Soft,2025-09-30,668435.1,45085.37,-8183.54,1341577.48,7947893.71,EUR,pm_system
Acme Soft,2025-10-31,660388.65,44542.65,-8085.03,1287226.66,8011657.81,EUR,pm_system
Acme Soft,2025-11-30,689748.95,46522.97,-8444.49,1221847.01,8031424.13,EUR,pm_system
Acme Soft,2025-12-31,705519.71,47586.7,-8637.57,1264190.46,8088107.2,EUR,pm_system
Acme Fin,2019-01-31,149152.68,31778.69,28064.26,5356325.78,6583261.56,USD,pm_system
Acme Fin,2019-02-28,146126.08,31133.84,27494.78,5522145.38,7125062.79,USD,pm_system
Acme Fin,2019-03-31,147678.5,31464.6,27786.88,5321138.47,7072936.85,USD,pm_system
Acme Fin,2019-04-30,155246.48,33077.04,29210.86,5149275.23,6846831.46,USD,pm_system
Acme Fin,2019-05-31,154550.61,32928.78,29079.93,4903827.66,6880427.58,USD,pm_system
Acme Fin,2019-06-30,163628.97,34863.03,30788.09,4983043.91,6810975.58,USD,pm_system
Acme Fin,2019-07-31,163832.8,34906.46,30826.44,4593571.49,7051569.15,USD,pm_system
Acme Fin,2019-08-31,165088.56,35174.01,31062.72,4552119.12,7952225.9,USD,pm_system
Acme Fin,2019-09-30,168219.06,35841.0,31651.75,4381007.0,7816606.22,USD,pm_system
Acme Fin,2019-10-31,175696.97,37434.25,33058.78,4405818.92,7366908.12,USD,pm_system
Acme Fin,2019-11-30,182299.11,38840.92,34301.03,4258632.83,7918924.63,USD,pm_system
Acme Fin,2019-12-31,190028.85,40487.83,35755.44,4163383.85,8324695.51,USD,pm_system
Acme Fin,2020-01-31,192315.98,40975.12,36185.78,4340905.05,8486105.63,USD,pm_system
Acme Fin,2020-02-29,189356.1,40344.49,35628.85,4201225.62,8835719.88,USD,pm_system
Acme Fin,2020-03-31,189347.91,40342.74,35627.31,4116434.7,8498152.06,USD,pm_system
Acme Fin,2020-04-30,193647.62,41258.84,36436.34,4540947.16,8135269.78,USD,pm_system
Acme Fin,2020-05-31,195724.79,41701.41,36827.17,4861588.11,8109353.61,USD,pm_system
Acme Fin,2020-06-30,200338.25,42684.36,37695.23,4603342.12,8248285.36,USD,pm_system
Acme Fin,2020-07-31,201216.87,42871.56,37860.55,4830224.74,8640041.32,USD,pm_system
Acme Fin,2020-08-31,218860.96,46630.84,41180.43,4970212.67,8752637.06,USD,pm_system
Acme Fin,2020-09-30,222325.86,47369.07,41832.38,4882447.09,8871142.11,USD,pm_system
Acme Fin,2020-10-31,222578.86,47422.98,41879.98,4923572.18,9338685.91,USD,pm_system
Acme Fin,2020-11-30,218083.59,46465.21,41034.16,5204185.9,9830690.87,USD,pm_system
Acme Fin,2020-12-31,219491.96,46765.28,41299.16,4652059.53,9591678.47,USD,pm_system
Acme Fin,2021-01-31,230227.28,49052.56,43319.09,4646740.35,9208279.04,USD,pm_system
Acme Fin,2021-02-28,229043.16,48800.27,43096.29,4842047.5,9409658.05,USD,pm_system
Acme Fin,2021-03-31,229691.82,48938.48,43218.34,4753238.44,9262205.64,USD,pm_system
Acme Fin,2021-04-30,225632.64,48073.62,42454.57,5137151.73,9142789.7,USD,pm_system
Acme Fin,2021-05-31,236127.89,50309.75,44429.34,5527913.3,9507883.56,USD,pm_system
Acme Fin,2021-06-30,235431.64,50161.41,44298.33,5639502.54,9498681.6,USD,pm_system
Acme Fin,2021-07-31,231403.15,49303.1,43540.34,5730963.79,9050708.66,USD,pm_system
Acme Fin,2021-08-31,241962.17,51552.81,45527.1,5597828.55,9123534.16,USD,pm_system
Acme Fin,2021-09-30,246438.14,52506.47,46369.29,5525363.27,9337643.0,USD,pm_system
Acme Fin,2021-10-31,245391.49,52283.47,46172.36,5766074.97,8834911.89,USD,pm_system
Acme Fin,2021-11-30,248775.78,53004.53,46809.14,6325075.47,8481398.32,USD,pm_system
Acme Fin,2021-12-31,246205.34,52456.87,46325.49,6487600.77,8542322.51,USD,pm_system
Acme Fin,2022-01-31,251257.2,53533.23,47276.04,6646283.31,8759202.33,USD,pm_system
Acme Fin,2022-02-28,262134.38,55850.73,49322.67,6782471.85,8674673.34,USD,pm_system
Acme Fin,2022-03-31,270044.86,57536.15,50811.09,7426766.64,8628651.17,USD,pm_system
Acme Fin,2022-04-30,264850.31,56429.4,49833.69,7837868.13,8587102.08,USD,pm_system
Acme Fin,2022-05-31,250235.85,53315.62,47083.86,8169967.09,8403225.37,USD,pm_system
Acme Fin,2022-06-30,252058.57,53703.97,47426.82,8305580.51,8467257.84,USD,pm_system
Acme Fin,2022-07-31,259943.85,55384.02,48910.5,8124732.16,8641041.8,USD,pm_system
Acme Fin,2022-08-31,260519.27,55506.62,49018.77,8424864.02,8853738.45,USD,pm_system
Acme Fin,2022-09-30,255813.46,54503.99,48133.34,8882326.6,8663927.24,USD,pm_system
Acme Fin,2022-10-31,264572.96,56370.3,49781.5,9045444.9,9300962.83,USD,pm_system
Acme Fin,2022-11-30,265445.0,56556.1,49945.59,8887458.61,9293737.99,USD,pm_system
Acme Fin,2022-12-31,265685.12,56607.26,49990.77,9242931.13,8692875.3,USD,pm_system
Acme Fin,2023-01-31,259943.54,55383.95,48910.44,8749449.69,9023311.51,USD,pm_system
Acme Fin,2023-02-28,275882.86,58780.01,51909.55,8703756.03,8962378.27,USD,pm_system
Acme Fin,2023-03-31,279221.48,59491.34,52537.74,9209391.29,8629926.69,USD,pm_system
Acme Fin,2023-04-30,284010.42,60511.68,53438.82,9658440.12,8802902.93,USD,pm_system
Acme Fin,2023-05-31,288465.82,61460.95,54277.14,10141867.31,7851051.27,USD,pm_system
Acme Fin,2023-06-30,297216.8,63325.45,55923.7,9810189.87,7276155.56,USD,pm_system
Acme Fin,2023-07-31,304747.11,64929.86,57340.59,10483982.43,7236151.69,USD,pm_system
Acme Fin,2023-08-31,316506.15,67435.26,59553.15,11329137.27,7616748.51,USD,pm_system
Acme Fin,2023-09-30,335242.98,71427.36,63078.63,11749520.49,7639730.87,USD,pm_system
Acme Fin,2023-10-31,322483.97,68708.91,60677.92,11604964.67,7382043.79,USD,pm_system
Acme Fin,2023-11-30,346711.64,73870.89,65236.55,11502907.24,7418423.92,USD,pm_system
Acme Fin,2023-12-31,355914.95,75831.76,66968.23,11527984.99,7921408.2,USD,pm_system
Acme Fin,2024-01-31,352825.79,75173.58,66386.98,11640156.58,7686151.7,USD,pm_system
Acme Fin,2024-02-29,342381.91,72948.39,64421.88,11284102.18,7674764.88,USD,pm_system
Acme Fin,2024-03-31,341396.17,72738.37,64236.4,10893434.72,7243038.65,USD,pm_system
Acme Fin,2024-04-30,343958.97,73284.4,64718.61,10073856.06,7463243.24,USD,pm_system
Acme Fin,2024-05-31,348249.24,74198.49,65525.86,9339697.86,7370935.13,USD,pm_system
Acme Fin,2024-06-30,343873.6,73266.21,64702.55,9488747.54,7766150.07,USD,pm_system
Acme Fin,2024-07-31,327967.66,69877.27,61709.72,9543320.21,7716405.45,USD,pm_system
Acme Fin,2024-08-31,337852.67,71983.39,63569.66,9645050.39,7484305.44,USD,pm_system
Acme Fin,2024-09-30,337997.4,72014.22,63596.9,9261164.92,7806432.09,USD,pm_system
Acme Fin,2024-10-31,341593.48,72780.41,64273.53,10141526.94,7787490.31,USD,pm_system
Acme Fin,2024-11-30,337749.8,71961.47,63550.31,9373958.18,7225813.0,USD,pm_system
Acme Fin,2024-12-31,325076.05,69261.18,61165.64,9499159.88,7372851.07,USD,pm_system
Acme Fin,2025-01-31,312906.59,66668.34,58875.86,9924265.48,7230389.58,USD,pm_system
Acme Fin,2025-02-28,317413.63,67628.61,59723.9,10724270.76,7489769.49,USD,pm_system
Acme Fin,2025-03-31,318030.71,67760.09,59840.0,10246401.42,6845105.44,USD,pm_system
Acme Fin,2025-04-30,314349.63,66975.79,59147.38,10138235.16,6574811.52,USD,pm_system
Acme Fin,2025-05-31,316255.31,67381.82,59505.95,10177192.29,6515676.09,USD,pm_system
Acme Fin,2025-06-30,313250.86,66741.69,58940.64,10263013.84,6630857.78,USD,pm_system
Acme Fin,2025-07-31,306136.32,65225.85,57601.98,10987034.77,6604708.82,USD,pm_system
Acme Fin,2025-08-31,309370.8,65914.99,58210.57,11376093.59,6666321.81,USD,pm_system
Acme Fin,2025-09-30,321310.68,68458.92,60457.16,11539411.16,6503013.62,USD,pm_system
Acme Fin,2025-10-31,328008.44,69885.96,61717.39,10879514.81,6531252.23,USD,pm_system
Acme Fin,2025-11-30,330961.53,70515.15,62273.04,10766304.29,6497671.79,USD,pm_system
Acme Fin,2025-12-31,315586.56,67239.33,59380.12,10470917.32,6521802.82,USD,pm_system
Acme Health,2019-01-31,167193.42,25572.27,14913.62,6648625.57,13584791.83,USD,pm_system
Acme Health,2019-02-28,162878.31,24912.27,14528.71,6954181.16,14128499.93,USD,pm_system
Acme Health,2019-03-31,161230.21,24660.19,14381.7,7438353.96,13987188.64,USD,pm_system
Acme Health,2019-04-30,164238.9,25120.37,14650.08,7535172.26,13912044.57,USD,pm_system
Acme Health,2019-05-31,169876.27,25982.61,15152.93,7834125.97,12939018.38,USD,pm_system
Acme Health,2019-06-30,178222.33,27259.14,15897.4,7182917.39,13473423.75,USD,pm_system
Acme Health,2019-07-31,186028.67,28453.12,16593.72,6791101.3,13252020.76,USD,pm_system
Acme Health,2019-08-31,181718.18,27793.83,16209.22,6718123.78,13088737.69,USD,pm_system
Acme Health,2019-09-30,187785.71,28721.86,16750.45,7158264.59,13819447.26,USD,pm_system
Acme Health,2019-10-31,186496.56,28524.69,16635.45,7083381.32,12888879.85,USD,pm_system
Acme Health,2019-11-30,183852.76,28120.32,16399.63,7425101.92,13721801.96,USD,pm_system
Acme Health,2019-12-31,178883.14,27360.21,15956.34,7205146.54,13707308.58,USD,pm_system
Acme Health,2020-01-31,182175.45,27863.77,16250.01,6913480.94,13939818.0,USD,pm_system
Acme Health,2020-02-29,181407.55,27746.32,16181.52,6908485.17,14244422.12,USD,pm_system
Acme Health,2020-03-31,183256.58,28029.13,16346.45,6757746.9,14181968.99,USD,pm_system
Acme Health,2020-04-30,184603.35,28235.12,16466.58,6632724.85,14035159.48,USD,pm_system
Acme Health,2020-05-31,195302.85,29871.61,17420.97,6818746.07,13869274.94,USD,pm_system
Acme Health,2020-06-30,201339.4,30794.9,17959.43,6704934.55,14520090.47,USD,pm_system
Acme Health,2020-07-31,205585.5,31444.34,18338.18,6668961.86,14780126.08,USD,pm_system
Acme Health,2020-08-31,197952.87,30276.93,17657.36,6293243.4,14074271.6,USD,pm_system
Acme Health,2020-09-30,200781.28,30709.54,17909.65,6838400.33,15330428.57,USD,pm_system
Acme Health,2020-10-31,206632.35,31604.46,18431.56,7009649.08,14225989.09,USD,pm_system
Acme Health,2020-11-30,205334.66,31405.98,18315.81,6733544.69,13872702.24,USD,pm_system
Acme Health,2020-12-31,206352.23,31561.62,18406.58,6574602.54,12774372.77,USD,pm_system
Acme Health,2021-01-31,213045.74,32585.39,19003.64,6221959.59,12896621.91,USD,pm_system
Acme Health,2021-02-28,228432.43,34938.79,20376.13,5935940.9,11591335.45,USD,pm_system
Acme Health,2021-03-31,228756.78,34988.4,20405.06,6262702.47,12499329.94,USD,pm_system
Acme Health,2021-04-30,222606.31,34047.68,19856.44,6418236.44,12266687.18,USD,pm_system
Acme Health,2021-05-31,224124.83,34279.94,19991.89,7266837.48,11529228.51,USD,pm_system
Acme Health,2021-06-30,228072.16,34883.68,20343.99,7436770.0,12029959.66,USD,pm_system
Acme Health,2021-07-31,231023.3,35335.06,20607.23,7551315.05,11841499.0,USD,pm_system
Acme Health,2021-08-31,235198.77,35973.7,20979.68,7421737.4,12135912.71,USD,pm_system
Acme Health,2021-09-30,234942.8,35934.55,20956.85,7561674.4,12121707.48,USD,pm_system
Acme Health,2021-10-31,245228.95,37507.82,21874.37,7542243.27,11262020.24,USD,pm_system
Acme Health,2021-11-30,256965.03,39302.85,22921.23,7200680.61,10967511.05,USD,pm_system
Acme Health,2021-12-31,254942.76,38993.55,22740.84,7695525.09,10030589.83,USD,pm_system
Acme Health,2022-01-31,281490.57,43054.04,25108.9,8101870.68,10120158.55,USD,pm_system
Acme Health,2022-02-28,283841.92,43413.68,25318.64,8217546.78,10331112.21,USD,pm_system
Acme Health,2022-03-31,292174.51,44688.15,26061.91,8445832.07,10368130.93,USD,pm_system
Acme Health,2022-04-30,293366.54,44870.47,26168.24,8381950.63,10287297.55,USD,pm_system
Acme Health,2022-05-31,306278.51,46845.36,27319.98,8630708.79,9077351.44,USD,pm_system
Acme Health,2022-06-30,315367.94,48235.59,28130.76,8714744.36,9070558.4,USD,pm_system
Acme Health,2022-07-31,314845.84,48155.74,28084.18,9204562.11,9414342.17,USD,pm_system
Acme Health,2022-08-31,310694.18,47520.74,27713.86,9391899.01,9048441.81,USD,pm_system
Acme Health,2022-09-30,300941.94,46029.13,26843.96,9097595.77,9360574.49,USD,pm_system
Acme Health,2022-10-31,312556.42,47805.57,27879.97,9330987.95,9632067.02,USD,pm_system
Acme Health,2022-11-30,320522.02,49023.91,28590.5,9031705.1,9798479.29,USD,pm_system
Acme Health,2022-12-31,331423.71,50691.32,29562.93,9372331.94,10264461.02,USD,pm_system
Acme Health,2023-01-31,341780.41,52275.38,30486.74,9537026.41,10703841.63,USD,pm_system
Acme Health,2023-02-28,344926.28,52756.55,30767.35,9116503.32,10634023.91,USD,pm_system
Acme Health,2023-03-31,340667.45,52105.16,30387.47,8808740.07,10572551.31,USD,pm_system
Acme Health,2023-04-30,335975.57,51387.53,29968.95,8673102.41,9771737.78,USD,pm_system
Acme Health,2023-05-31,341485.17,52230.23,30460.41,8673625.17,9452362.75,USD,pm_system
Acme Health,2023-06-30,351653.7,53785.51,31367.44,9080231.77,8844553.19,USD,pm_system
Acme Health,2023-07-31,347123.79,53092.66,30963.37,8731032.23,8512032.27,USD,pm_system
Acme Health,2023-08-31,359232.94,54944.75,32043.51,8646417.12,8421969.92,USD,pm_system
Acme Health,2023-09-30,341229.67,52191.15,30437.62,8921121.58,8004490.04,USD,pm_system
Acme Health,2023-10-31,345255.49,52806.9,30796.72,9044847.25,8440145.17,USD,pm_system
Acme Health,2023-11-30,335151.72,51261.52,29895.47,7679295.94,8502213.84,USD,pm_system
Acme Health,2023-12-31,356606.57,54543.05,31809.23,8155007.73,8573516.61,USD,pm_system
Acme Health,2024-01-31,354913.02,54284.02,31658.17,8484112.28,8239648.03,USD,pm_system
Acme Health,2024-02-29,363534.11,55602.62,32427.17,8698535.56,8589078.29,USD,pm_system
Acme Health,2024-03-31,397266.37,60761.97,35436.08,8869207.77,8414217.15,USD,pm_system
Acme Health,2024-04-30,400934.24,61322.97,35763.25,8084692.68,8180398.46,USD,pm_system
Acme Health,2024-05-31,400020.72,61183.25,35681.77,7872838.0,8230251.41,USD,pm_system
Acme Health,2024-06-30,394151.38,60285.53,35158.22,8314122.64,8230319.57,USD,pm_system
Acme Health,2024-07-31,397982.92,60871.57,35500.0,8177814.8,8281410.33,USD,pm_system
Acme Health,2024-08-31,411814.0,62987.04,36733.73,7823253.28,8063405.02,USD,pm_system
Acme Health,2024-09-30,412179.78,63042.98,36766.35,7296798.83,7799164.71,USD,pm_system
Acme Health,2024-10-31,410412.92,62772.74,36608.75,7615810.92,7881075.07,USD,pm_system
Acme Health,2024-11-30,416900.61,63765.03,37187.45,7939824.82,7837769.57,USD,pm_system
Acme Health,2024-12-31,425953.16,65149.62,37994.94,7898846.69,7920963.53,USD,pm_system
Acme Health,2025-01-31,422765.86,64662.12,37710.63,6935654.55,7878418.72,USD,pm_system
Acme Health,2025-02-28,445038.2,68068.68,39697.32,7256850.05,8182650.94,USD,pm_system
Acme Health,2025-03-31,465992.34,71273.62,41566.42,7289018.79,8247233.56,USD,pm_system
Acme Health,2025-04-30,462017.63,70665.69,41211.88,7173825.74,8450369.9,USD,pm_system
Acme Health,2025-05-31,483324.28,73924.55,43112.43,7123807.58,8298199.27,USD,pm_system
Acme Health,2025-06-30,488165.18,74664.96,43544.23,7337951.64,7818943.47,USD,pm_system
Acme Health,2025-07-31,459419.36,70268.29,40980.11,7135961.0,7437156.21,USD,pm_system
Acme Health,2025-08-31,457010.08,69899.79,40765.21,7083233.27,7302321.04,USD,pm_system
Acme Health,2025-09-30,481493.94,73644.6,42949.16,7198953.74,7390087.45,USD,pm_system
Acme Health,2025-10-31,495296.55,75755.71,44180.35,6789033.39,7697252.53,USD,pm_system
Acme Health,2025-11-30,499123.75,76341.08,44521.74,7016629.16,7367238.3,USD,pm_system
Acme Health,2025-12-31,480849.45,73546.02,42891.67,7303570.58,7478162.25,USD,pm_system
Acme Foods,2019-01-31,122054.07,33147.35,28394.85,7020658.2,5849055.22,USD,pm_system
Acme Foods,2019-02-28,125483.26,34078.65,29192.63,6829656.28,5810967.84,USD,pm_system
Acme Foods,2019-03-31,126892.13,34461.27,29520.39,6487426.49,5983164.09,USD,pm_system
Acme Foods,2019-04-30,126207.37,34275.3,29361.08,6413275.23,5745189.88,USD,pm_system
Acme Foods,2019-05-31,117767.88,31983.31,27397.71,6352019.55,6299627.22,USD,pm_system
Acme Foods,2019-06-30,121717.59,33055.97,28316.58,6345902.43,6233382.65,USD,pm_system
Acme Foods,2019-07-31,123016.8,33408.81,28618.83,6519500.66,5938964.33,USD,pm_system
Acme Foods,2019-08-31,128359.38,34859.74,29861.73,6752697.11,6109575.51,USD,pm_system
Acme Foods,2019-09-30,131331.45,35666.89,30553.16,6759320.37,6274011.37,USD,pm_system
Acme Foods,2019-10-31,134976.48,36656.81,31401.14,6639666.64,6130060.0,USD,pm_system
Acme Foods,2019-11-30,136738.69,37135.39,31811.11,7153915.52,5826227.98,USD,pm_system
Acme Foods,2019-12-31,132086.05,35871.83,30728.71,7212849.77,5838087.31,USD,pm_system
Acme Foods,2020-01-31,134093.79,36417.09,31195.79,7300829.66,5785964.34,USD,pm_system
Acme Foods,2020-02-29,141428.17,38408.96,32902.08,6716433.3,5594218.17,USD,pm_system
Acme Foods,2020-03-31,142404.36,38674.07,33129.18,6164614.9,5554867.45,USD,pm_system
Acme Foods,2020-04-30,150926.42,40988.48,35111.76,6171052.75,5606127.97,USD,pm_system
Acme Foods,2020-05-31,146729.92,39848.8,34135.48,5980872.82,5521992.01,USD,pm_system
Acme Foods,2020-06-30,146798.67,39867.47,34151.48,6364140.24,5645174.64,USD,pm_system
Acme Foods,2020-07-31,143371.84,38936.82,33354.25,6442579.79,5757676.59,USD,pm_system
Acme Foods,2020-08-31,149709.52,40658.0,34828.66,6951717.77,5523893.23,USD,pm_system
Acme Foods,2020-09-30,147564.82,40075.54,34329.72,6514601.45,5472185.2,USD,pm_system
Acme Foods,2020-10-31,151105.01,41036.98,35153.31,6836205.99,5455560.48,USD,pm_system
Acme Foods,2020-11-30,151166.15,41053.59,35167.53,6888078.44,5273313.57,USD,pm_system
Acme Foods,2020-12-31,162153.83,44037.61,37723.73,6334393.67,5312281.37,USD,pm_system
Acme Foods,2021-01-31,173619.44,47151.43,40391.1,6336547.32,5271899.74,USD,pm_system
Acme Foods,2021-02-28,173493.85,47117.33,40361.89,6279394.3,5561400.52,USD,pm_system
Acme Foods,2021-03-31,163716.45,44461.99,38087.26,6760846.04,5244632.68,USD,pm_system
Acme Foods,2021-04-30,164043.95,44550.93,38163.45,6615743.27,5368102.51,USD,pm_system
Acme Foods,2021-05-31,157819.52,42860.5,36715.38,6768624.05,5802770.57,USD,pm_system
Acme Foods,2021-06-30,152943.65,41536.32,35581.05,6832826.54,5649117.34,USD,pm_system
Acme Foods,2021-07-31,156427.19,42482.38,36391.47,6839368.21,5504163.95,USD,pm_system
Acme Foods,2021-08-31,160280.95,43528.98,37288.02,7456398.27,5462133.32,USD,pm_system
Acme Foods,2021-09-30,165344.67,44904.18,38466.05,6974240.35,5253166.0,USD,pm_system
Acme Foods,2021-10-31,169341.41,45989.61,39395.86,7491769.45,5327889.83,USD,pm_system
Acme Foods,2021-11-30,169444.41,46017.58,39419.82,7491504.02,5061408.45,USD,pm_system
Acme Foods,2021-12-31,174211.81,47312.31,40528.91,7822004.1,4969879.9,USD,pm_system
Acme Foods,2022-01-31,173497.32,47118.27,40362.69,7925989.13,4883062.11,USD,pm_system
Acme Foods,2022-02-28,174888.08,47495.97,40686.24,8758107.74,4834812.44,USD,pm_system
Acme Foods,2022-03-31,174756.88,47460.34,40655.72,8474545.69,4978733.58,USD,pm_system
Acme Foods,2022-04-30,175554.34,47676.91,40841.24,8199388.62,5241870.41,USD,pm_system
Acme Foods,2022-05-31,184786.41,50184.15,42989.0,7953233.31,4850503.99,USD,pm_system
Acme Foods,2022-06-30,192219.52,52202.83,44718.26,7680982.27,5003901.29,USD,pm_system
Acme Foods,2022-07-31,182780.94,49639.51,42522.45,8023783.49,4761477.9,USD,pm_system
Acme Foods,2022-08-31,188615.84,51224.15,43879.89,8029509.69,4579791.44,USD,pm_system
Acme Foods,2022-09-30,188198.79,51110.89,43782.87,8305049.72,4599190.42,USD,pm_system
Acme Foods,2022-10-31,193380.36,52518.09,44988.32,9125771.59,4311420.62,USD,pm_system
Acme Foods,2022-11-30,204696.28,55591.26,47620.87,9173388.01,4156419.18,USD,pm_system
Acme Foods,2022-12-31,198573.93,53928.56,46196.56,9086644.28,4309649.75,USD,pm_system
Acme Foods,2023-01-31,199799.83,54261.49,46481.75,9773210.64,4059487.39,USD,pm_system
Acme Foods,2023-02-28,201725.37,54784.42,46929.71,9161215.4,4118533.75,USD,pm_system
Acme Foods,2023-03-31,209109.85,56789.89,48647.65,8968480.92,3689512.04,USD,pm_system
Acme Foods,2023-04-30,212449.01,57696.74,49424.48,9164324.99,3749178.06,USD,pm_system
Acme Foods,2023-05-31,222449.72,60412.73,51751.06,8673550.79,3851188.11,USD,pm_system
Acme Foods,2023-06-30,232632.41,63178.13,54119.98,7902217.31,3900429.68,USD,pm_system
Acme Foods,2023-07-31,231440.08,62854.32,53842.59,7870006.81,3954673.19,USD,pm_system
Acme Foods,2023-08-31,230371.55,62564.13,53594.01,7604115.45,3960075.66,USD,pm_system
Acme Foods,2023-09-30,225161.15,61149.09,52381.85,7191278.47,4067690.44,USD,pm_system
Acme Foods,2023-10-31,219652.85,59653.15,51100.39,7430860.41,4142957.57,USD,pm_system
Acme Foods,2023-11-30,210477.03,57161.19,48965.71,7179115.99,4340843.35,USD,pm_system
Acme Foods,2023-12-31,206386.41,56050.26,48014.06,7012415.39,4421072.71,USD,pm_system
Acme Foods,2024-01-31,213300.71,57928.04,49622.62,6924220.63,4315407.27,USD,pm_system
Acme Foods,2024-02-29,224535.49,60979.18,52236.3,7526246.88,4484374.12,USD,pm_system
Acme Foods,2024-03-31,227355.56,61745.05,52892.36,7222086.51,4335413.18,USD,pm_system
Acme Foods,2024-04-30,233193.01,63330.38,54250.39,7373171.91,4578473.54,USD,pm_system
Acme Foods,2024-05-31,240075.35,65199.48,55851.51,6819048.44,4771126.11,USD,pm_system
Acme Foods,2024-06-30,235287.81,63899.28,54737.73,6688132.51,4818875.58,USD,pm_system
Acme Foods,2024-07-31,251727.38,68363.93,58562.26,7728109.88,4935824.5,USD,pm_system
Acme Foods,2024-08-31,252861.18,68671.85,58826.03,7934645.79,5111076.96,USD,pm_system
Acme Foods,2024-09-30,252957.26,68697.94,58848.38,8646864.11,5158113.33,USD,pm_system
Acme Foods,2024-10-31,259264.07,70410.74,60315.61,8934771.93,5245096.99,USD,pm_system
Acme Foods,2024-11-30,268381.92,72886.96,62436.8,8659021.11,5127963.12,USD,pm_system
Acme Foods,2024-12-31,262207.89,71210.22,61000.46,8849303.63,5287737.42,USD,pm_system
Acme Foods,2025-01-31,268430.92,72900.27,62448.2,9590208.23,5286553.81,USD,pm_system
Acme Foods,2025-02-28,276500.56,75091.81,64325.53,9066726.29,5204696.88,USD,pm_system
Acme Foods,2025-03-31,285035.06,77409.61,66311.01,9451655.11,5143496.52,USD,pm_system
Acme Foods,2025-04-30,287273.17,78017.43,66831.69,8734334.16,5070041.38,USD,pm_system
Acme Foods,2025-05-31,297819.39,80881.56,69285.18,8985535.8,5171577.22,USD,pm_system
Acme Foods,2025-06-30,301242.29,81811.15,70081.49,8988709.11,5034981.15,USD,pm_system
Acme Foods,2025-07-31,310570.22,84344.42,72251.55,9177909.28,5134073.37,USD,pm_system
Acme Foods,2025-08-31,308774.8,83856.82,71833.86,8189749.98,5359387.88,USD,pm_system
Acme Foods,2025-09-30,307426.96,83490.78,71520.3,7836454.09,5508052.77,USD,pm_system
Acme Foods,2025-10-31,306885.77,83343.8,71394.4,8251761.23,5643992.83,USD,pm_system
Acme Foods,2025-11-30,316247.96,85886.38,73572.43,7688184.21,5917600.95,USD,pm_system
Acme Foods,2025-12-31,321889.03,87418.38,74884.78,7546230.68,5951541.58,USD,pm_system
Acme Robotics,2019-01-31,100000.0,14203.3,10085.55,6384238.4,5318154.5,USD,pm_system
Acme Robotics,2019-02-28,100000.0,14203.3,10085.55,5839229.39,5080640.52,USD,pm_system
Acme Robotics,2019-03-31,104707.43,14871.91,10560.32,5793713.13,4969214.49,USD,pm_system
Acme Robotics,2019-04-30,106257.16,15092.02,10716.62,5939072.39,5191318.27,USD,pm_system
Acme Robotics,2019-05-31,111937.14,15898.77,11289.47,5832237.79,4915960.85,USD,pm_system
Acme Robotics,2019-06-30,111668.04,15860.55,11262.33,5908138.68,4726448.8,USD,pm_system
Acme Robotics,2019-07-31,109578.23,15563.72,11051.56,6009696.0,4717250.69,USD,pm_system
Acme Robotics,2019-08-31,110781.83,15734.67,11172.95,5781779.69,4673776.37,USD,pm_system
Acme Robotics,2019-09-30,108818.0,15455.74,10974.89,6039126.24,4867317.32,USD,pm_system
Acme Robotics,2019-10-31,103879.22,14754.28,10476.79,5758454.57,4575954.01,USD,pm_system
Acme Robotics,2019-11-30,102892.3,14614.1,10377.25,5734430.88,4310613.62,USD,pm_system
Acme Robotics,2019-12-31,101075.65,14356.08,10194.03,5446574.67,4346351.59,USD,pm_system
Acme Robotics,2020-01-31,102296.68,14529.5,10317.18,5250024.8,4377092.62,USD,pm_system
Acme Robotics,2020-02-29,101641.94,14436.51,10251.15,5178715.0,4670086.81,USD,pm_system
Acme Robotics,2020-03-31,106745.77,15161.42,10765.89,4842206.95,4825083.71,USD,pm_system
Acme Robotics,2020-04-30,110411.62,15682.09,11135.62,4564200.53,4983110.54,USD,pm_system
Acme Robotics,2020-05-31,116609.91,16562.45,11760.75,4308024.55,4800229.82,USD,pm_system
Acme Robotics,2020-06-30,121336.09,17233.73,12237.41,4366504.97,4906118.33,USD,pm_system
Acme Robotics,2020-07-31,123789.22,17582.15,12484.82,4451803.76,4645805.16,USD,pm_system
Acme Robotics,2020-08-31,128916.51,18310.4,13001.94,4712143.01,4603176.97,USD,pm_system
Acme Robotics,2020-09-30,130037.53,18469.62,13115.0,4351403.14,4697865.2,USD,pm_system
Acme Robotics,2020-10-31,133569.57,18971.28,13471.22,4337872.23,4909147.62,USD,pm_system
Acme Robotics,2020-11-30,133566.59,18970.86,13470.92,4460331.65,4708920.31,USD,pm_system
Acme Robotics,2020-12-31,134807.89,19147.17,13596.11,4421447.76,4751358.59,USD,pm_system
Acme Robotics,2021-01-31,134661.51,19126.38,13581.35,4392382.79,4908352.45,USD,pm_system
Acme Robotics,2021-02-28,134243.67,19067.03,13539.21,4039547.71,5251855.42,USD,pm_system
Acme Robotics,2021-03-31,141149.65,20047.9,14235.71,3778539.87,5396745.25,USD,pm_system
Acme Robotics,2021-04-30,140431.3,19945.88,14163.26,3828319.72,5460259.36,USD,pm_system
Acme Robotics,2021-05-31,140848.07,20005.07,14205.3,3678294.44,5309438.03,USD,pm_system
Acme Robotics,2021-06-30,138385.23,19655.27,13956.91,3525310.09,5295170.87,USD,pm_system
Acme Robotics,2021-07-31,136797.57,19429.77,13796.78,3645532.34,5610179.77,USD,pm_system
Acme Robotics,2021-08-31,135785.05,19285.95,13694.66,3689170.19,5722312.7,USD,pm_system
Acme Robotics,2021-09-30,139065.62,19751.9,14025.53,3703180.78,5892307.14,USD,pm_system
Acme Robotics,2021-10-31,142468.21,20235.18,14368.7,3474016.4,6097160.52,USD,pm_system
Acme Robotics,2021-11-30,147685.21,20976.17,14894.86,3341432.98,6106413.05,USD,pm_system
Acme Robotics,2021-12-31,152189.59,21615.94,15349.15,3306462.57,6368494.93,USD,pm_system
Acme Robotics,2022-01-31,164504.19,23365.02,16591.15,3176520.9,6016687.91,USD,pm_system
Acme Robotics,2022-02-28,167648.61,23811.63,16908.28,3291123.82,5961125.87,USD,pm_system
Acme Robotics,2022-03-31,176634.21,25087.88,17814.53,3070847.95,6126348.88,USD,pm_system
Acme Robotics,2022-04-30,175190.08,24882.77,17668.88,3334845.35,6614622.65,USD,pm_system
Acme Robotics,2022-05-31,172912.67,24559.3,17439.19,3243210.95,6842056.63,USD,pm_system
Acme Robotics,2022-06-30,172633.6,24519.66,17411.04,3235847.04,6849004.99,USD,pm_system
Acme Robotics,2022-07-31,164417.93,23352.77,16582.45,3233608.2,6660047.03,USD,pm_system
Acme Robotics,2022-08-31,163629.76,23240.82,16502.96,3467015.22,6325311.23,USD,pm_system
Acme Robotics,2022-09-30,169258.0,24040.22,17070.59,3418656.78,6254528.42,USD,pm_system
Acme Robotics,2022-10-31,174963.88,24850.64,17646.06,3476782.71,6397285.03,USD,pm_system
Acme Robotics,2022-11-30,181795.44,25820.95,18335.06,3419188.35,6240618.91,USD,pm_system
Acme Robotics,2022-12-31,177695.13,25238.57,17921.53,3278076.65,6976785.89,USD,pm_system
Acme Robotics,2023-01-31,186107.29,26433.37,18769.94,3056630.38,6607725.65,USD,pm_system
Acme Robotics,2023-02-28,190658.73,27079.83,19228.98,3140269.69,6752800.6,USD,pm_system
Acme Robotics,2023-03-31,191107.03,27143.5,19274.19,3120571.68,6841364.81,USD,pm_system
Acme Robotics,2023-04-30,193510.54,27484.88,19516.6,2774297.38,6778479.08,USD,pm_system
Acme Robotics,2023-05-31,190502.96,27057.7,19213.27,2798601.81,7587899.71,USD,pm_system
Acme Robotics,2023-06-30,194508.18,27626.58,19617.21,2754729.58,7867681.2,USD,pm_system
Acme Robotics,2023-07-31,199269.87,28302.89,20097.46,2812591.91,8058661.48,USD,pm_system
Acme Robotics,2023-08-31,213556.78,30332.11,21538.37,2653555.53,8211335.11,USD,pm_system
Acme Robotics,2023-09-30,209757.3,29792.45,21155.17,2727259.71,7909589.39,USD,pm_system
Acme Robotics,2023-10-31,209228.5,29717.35,21101.84,2687020.37,8218321.78,USD,pm_system
Acme Robotics,2023-11-30,217085.79,30833.34,21894.29,2519656.97,8236380.43,USD,pm_system
Acme Robotics,2023-12-31,214635.46,30485.31,21647.16,2361106.94,8164883.03,USD,pm_system
Acme Robotics,2024-01-31,214795.47,30508.04,21663.3,2647593.79,8306285.68,USD,pm_system
Acme Robotics,2024-02-29,208066.24,29552.27,20984.62,2572829.19,8645641.74,USD,pm_system
Acme Robotics,2024-03-31,223182.94,31699.34,22509.22,2368805.98,7995515.63,USD,pm_system
Acme Robotics,2024-04-30,237941.8,33795.58,23997.73,2414952.0,7717817.7,USD,pm_system
Acme Robotics,2024-05-31,244137.53,34675.58,24622.61,2096691.79,7718859.77,USD,pm_system
Acme Robotics,2024-06-30,248979.91,35363.36,25110.99,2193587.27,7405814.94,USD,pm_system
Acme Robotics,2024-07-31,252109.74,35807.9,25426.65,2092087.28,7481467.93,USD,pm_system
Acme Robotics,2024-08-31,247859.07,35204.16,24997.94,2049398.15,7183461.49,USD,pm_system
Acme Robotics,2024-09-30,255179.36,36243.89,25736.23,2137363.56,7116045.98,USD,pm_system
Acme Robotics,2024-10-31,258023.88,36647.9,26023.12,1982555.23,7030745.47,USD,pm_system
Acme Robotics,2024-11-30,260215.5,36959.18,26244.16,2242348.59,6718027.18,USD,pm_system
Acme Robotics,2024-12-31,274247.71,38952.22,27659.38,2354113.83,6793440.1,USD,pm_system
Acme Robotics,2025-01-31,291459.11,41396.81,29395.25,2397912.76,6899189.29,USD,pm_system
Acme Robotics,2025-02-28,293909.23,41744.8,29642.35,2544613.34,7201779.24,USD,pm_system
Acme Robotics,2025-03-31,291331.55,41378.69,29382.38,2376764.64,7143306.37,USD,pm_system
Acme Robotics,2025-04-30,287252.57,40799.34,28970.99,2369215.49,7496882.36,USD,pm_system
Acme Robotics,2025-05-31,286184.27,40647.6,28863.25,2364142.6,7514281.95,USD,pm_system
Acme Robotics,2025-06-30,296330.34,42088.68,29886.54,2098544.26,7331925.26,USD,pm_system
Acme Robotics,2025-07-31,301171.93,42776.35,30374.84,2224465.2,7187661.58,USD,pm_system
Acme Robotics,2025-08-31,287228.7,40795.95,28968.59,2293391.52,7004990.79,USD,pm_system
Acme Robotics,2025-09-30,279849.8,39747.9,28224.38,2221798.1,6953286.85,USD,pm_system
Acme Robotics,2025-10-31,277571.16,39424.26,27994.57,1976781.98,7202789.2,USD,pm_system
Acme Robotics,2025-11-30,290962.93,41326.33,29345.2,2041177.83,6875008.79,USD,pm_system
Acme Robotics,2025-12-31,292113.76,41489.79,29461.27,2040512.27,7039677.46,USD,pm_system
Acme Logix,2019-01-31,205081.45,43995.25,39075.8,8210259.0,8785062.26,EUR,pm_system
Acme Logix,2019-02-28,215810.03,46296.81,41120.0,8378471.94,8482473.82,EUR,pm_system
Acme Logix,2019-03-31,227053.97,48708.92,43262.4,8670840.09,8332149.45,EUR,pm_system
Acme Logix,2019-04-30,226058.39,48495.34,43072.7,8799418.04,8486522.45,EUR,pm_system
Acme Logix,2019-05-31,229656.96,49267.33,43758.37,8936384.8,9063591.51,EUR,pm_system
Acme Logix,2019-06-30,239336.15,51343.77,45602.62,9021564.45,9404857.69,EUR,pm_system
Acme Logix,2019-07-31,234315.9,50266.79,44646.07,9201060.68,10085508.44,EUR,pm_system
Acme Logix,2019-08-31,235126.31,50440.65,44800.48,8811104.12,9822442.52,EUR,pm_system
Acme Logix,2019-09-30,229791.53,49296.2,43784.01,8465373.17,9676870.74,EUR,pm_system
Acme Logix,2019-10-31,222399.82,47710.49,42375.61,8471983.92,10026119.52,EUR,pm_system
Acme Logix,2019-11-30,218567.28,46888.31,41645.36,9115551.37,10230970.02,EUR,pm_system
Acme Logix,2019-12-31,227510.49,48806.86,43349.38,8815725.14,10580674.9,EUR,pm_system
Acme Logix,2020-01-31,222332.8,47696.11,42362.84,9208134.0,10653401.95,EUR,pm_system
Acme Logix,2020-02-29,228246.3,48964.71,43489.58,8666882.37,10271980.4,EUR,pm_system
Acme Logix,2020-03-31,234618.22,50331.65,44703.67,8255921.34,10462302.24,EUR,pm_system
Acme Logix,2020-04-30,227341.74,48770.66,43317.23,8606044.32,9946500.98,EUR,pm_system
Acme Logix,2020-05-31,233381.98,50066.44,44468.12,8875254.69,9669283.32,EUR,pm_system
Acme Logix,2020-06-30,239790.84,51441.31,45689.25,8990829.27,9460874.73,EUR,pm_system
Acme Logix,2020-07-31,234933.48,50399.28,44763.74,8108547.64,9593194.55,EUR,pm_system
Acme Logix,2020-08-31,226254.08,48537.33,43109.99,8147202.79,9492102.15,EUR,pm_system
Acme Logix,2020-09-30,233126.38,50011.61,44419.42,8024161.49,9367016.07,EUR,pm_system
Acme Logix,2020-10-31,240576.2,51609.79,45838.9,8158589.48,9485473.58,EUR,pm_system
Acme Logix,2020-11-30,246368.8,52852.45,46942.61,7532184.35,9772613.54,EUR,pm_system
Acme Logix,2020-12-31,253359.28,54352.09,48274.56,7149292.11,9677201.38,EUR,pm_system
Acme Logix,2021-01-31,255594.11,54831.52,48700.38,7101214.27,9806434.58,EUR,pm_system
Acme Logix,2021-02-28,269125.52,57734.35,51278.62,7485307.14,9291706.92,EUR,pm_system
Acme Logix,2021-03-31,276839.22,59389.14,52748.38,7982680.84,9435471.37,EUR,pm_system
Acme Logix,2021-04-30,288668.4,61926.8,55002.28,8785846.48,9821838.66,EUR,pm_system
Acme Logix,2021-05-31,293714.11,63009.24,55963.68,9244945.82,9878761.25,EUR,pm_system
Acme Logix,2021-06-30,296861.87,63684.51,56563.45,9082505.55,10496544.75,EUR,pm_system
Acme Logix,2021-07-31,292541.68,62757.72,55740.29,9778392.46,10706418.59,EUR,pm_system
Acme Logix,2021-08-31,283186.44,60750.78,53957.76,9958143.42,9807068.08,EUR,pm_system
Acme Logix,2021-09-30,291332.36,62498.29,55509.87,10398906.52,9574697.07,EUR,pm_system
Acme Logix,2021-10-31,295325.49,63354.92,56270.71,11414961.55,9381002.21,EUR,pm_system
Acme Logix,2021-11-30,288897.07,61975.86,55045.86,12260618.08,10117443.6,EUR,pm_system
Acme Logix,2021-12-31,291818.07,62602.49,55602.42,12880676.18,10660335.88,EUR,pm_system
Acme Logix,2022-01-31,288236.14,61834.07,54919.92,12568122.82,11185197.31,EUR,pm_system
Acme Logix,2022-02-28,305688.97,65578.15,58245.35,12921840.61,10791561.42,EUR,pm_system
Acme Logix,2022-03-31,326968.53,70143.17,62299.91,12578784.54,10646895.02,EUR,pm_system
Acme Logix,2022-04-30,333596.23,71564.98,63562.74,13556256.99,11010582.73,EUR,pm_system
Acme Logix,2022-05-31,341084.12,73171.33,64989.47,13870279.91,11029747.6,EUR,pm_system
Acme Logix,2022-06-30,350206.14,75128.23,66727.56,12115994.6,10898887.39,EUR,pm_system
Acme Logix,2022-07-31,356243.57,76423.42,67877.92,11418710.58,11067307.16,EUR,pm_system
Acme Logix,2022-08-31,357620.76,76718.86,68140.33,12420974.02,11763670.86,EUR,pm_system
Acme Logix,2022-09-30,356199.52,76413.97,67869.53,12327296.46,11728875.06,EUR,pm_system
Acme Logix,2022-10-31,354935.08,76142.71,67628.6,12447503.0,11373123.24,EUR,pm_system
Acme Logix,2022-11-30,346445.58,74321.5,66011.03,12835062.99,11659511.94,EUR,pm_system
Acme Logix,2022-12-31,341550.49,73271.37,65078.33,13409660.15,11364956.42,EUR,pm_system
Acme Logix,2023-01-31,347560.06,74560.58,66223.38,13959686.88,11349676.2,EUR,pm_system
Acme Logix,2023-02-28,355777.15,76323.36,67789.05,13599227.07,11260482.92,EUR,pm_system
Acme Logix,2023-03-31,357137.72,76615.24,68048.29,13091582.65,11180860.42,EUR,pm_system
Acme Logix,2023-04-30,344117.0,73821.96,65567.35,12770083.65,11053454.3,EUR,pm_system
Acme Logix,2023-05-31,344913.49,73992.83,65719.11,12615886.52,11026145.99,EUR,pm_system
Acme Logix,2023-06-30,353323.6,75797.01,67321.55,13167526.93,10739569.74,EUR,pm_system
Acme Logix,2023-07-31,344103.26,73819.01,65564.73,12481469.54,10530275.75,EUR,pm_system
Acme Logix,2023-08-31,343911.37,73777.85,65528.17,12000935.42,9984337.11,EUR,pm_system
Acme Logix,2023-09-30,342644.53,73506.08,65286.79,12109799.87,10221976.1,EUR,pm_system
Acme Logix,2023-10-31,340341.04,73011.92,64847.88,11859733.83,9843068.58,EUR,pm_system
Acme Logix,2023-11-30,343423.45,73673.17,65435.2,11356626.94,10068722.04,EUR,pm_system
Acme Logix,2023-12-31,328458.43,70462.79,62583.8,11152417.94,10189992.68,EUR,pm_system
Acme Logix,2024-01-31,333554.48,71556.02,63554.79,12654109.78,10332571.07,EUR,pm_system
Acme Logix,2024-02-29,326842.81,70116.2,62275.96,12593709.03,9598443.41,EUR,pm_system
Acme Logix,2024-03-31,329320.94,70647.82,62748.14,12069145.75,9949896.28,EUR,pm_system
Acme Logix,2024-04-30,327184.89,70189.58,62341.14,11998682.51,9696946.9,EUR,pm_system
Acme Logix,2024-05-31,347524.52,74552.96,66216.61,11805958.01,10407755.23,EUR,pm_system
Acme Logix,2024-06-30,359487.9,77119.41,68496.09,12090520.99,10561262.61,EUR,pm_system
Acme Logix,2024-07-31,367329.74,78801.69,69990.25,10925192.7,10443448.17,EUR,pm_system
Acme Logix,2024-08-31,380316.58,81587.7,72464.74,10898482.14,9856447.08,EUR,pm_system
Acme Logix,2024-09-30,383521.84,82275.31,73075.46,11827090.32,10348043.97,EUR,pm_system
Acme Logix,2024-10-31,386643.66,82945.02,73670.29,12389734.14,10196338.74,EUR,pm_system
Acme Logix,2024-11-30,370746.36,79534.64,70641.25,11817039.75,10833768.47,EUR,pm_system
Acme Logix,2024-12-31,371406.37,79676.23,70767.01,11673235.84,10703833.37,EUR,pm_system
Acme Logix,2025-01-31,396336.69,85024.42,75517.18,12622245.94,11653811.52,EUR,pm_system
Acme Logix,2025-02-28,398408.99,85468.99,75912.03,12808818.19,10946824.87,EUR,pm_system
Acme Logix,2025-03-31,420045.8,90110.64,80034.67,12060924.39,11041745.03,EUR,pm_system
Acme Logix,2025-04-30,410418.74,88045.39,78200.34,11705810.48,10671951.5,EUR,pm_system
Acme Logix,2025-05-31,407038.42,87320.22,77556.27,11390267.07,10437907.58,EUR,pm_system
Acme Logix,2025-06-30,421284.77,90376.43,80270.74,10761032.95,10529987.22,EUR,pm_system
Acme Logix,2025-07-31,440890.85,94582.44,84006.44,10484906.8,10227600.15,EUR,pm_system
Acme Logix,2025-08-31,442250.67,94874.16,84265.54,11103372.25,10307010.36,EUR,pm_system
Acme Logix,2025-09-30,439625.28,94310.94,83765.3,11372005.38,9852556.9,EUR,pm_system
Acme Logix,2025-10-31,453007.82,97181.84,86315.18,11604339.6,9731248.88,EUR,pm_system
Acme Logix,2025-11-30,446141.32,95708.8,85006.85,11089872.27,9939426.5,EUR,pm_system
Acme Logix,2025-12-31,467051.71,100194.62,88991.07,10736489.2,10121670.54,EUR,pm_system
Acme Mart,2019-01-31,100000.0,7813.3,2896.51,8851806.19,584836.39,CHF,pm_system
Acme Mart,2019-02-28,101876.58,7959.92,2950.87,8768896.18,532476.43,CHF,pm_system
Acme Mart,2019-03-31,100000.0,7813.3,2896.51,8502819.29,542224.72,CHF,pm_system
Acme Mart,2019-04-30,100000.0,7813.3,2896.51,8290363.52,530810.94,CHF,pm_system
Acme Mart,2019-05-31,105165.01,8216.85,3046.12,8130764.98,538942.72,CHF,pm_system
Acme Mart,2019-06-30,106662.32,8333.84,3089.49,7264608.22,555503.51,CHF,pm_system
Acme Mart,2019-07-31,108418.19,8471.03,3140.35,7449226.84,642745.07,CHF,pm_system
Acme Mart,2019-08-31,102723.7,8026.11,2975.41,8091609.67,635354.85,CHF,pm_system
Acme Mart,2019-09-30,104636.4,8175.55,3030.81,8073196.31,624573.22,CHF,pm_system
Acme Mart,2019-10-31,103894.0,8117.55,3009.3,8206205.74,586669.78,CHF,pm_system
Acme Mart,2019-11-30,107272.36,8381.51,3107.16,8035436.9,560150.68,CHF,pm_system
Acme Mart,2019-12-31,106896.87,8352.17,3096.28,8540524.06,548155.95,CHF,pm_system
Acme Mart,2020-01-31,109115.37,8525.51,3160.54,8228386.57,564774.32,CHF,pm_system
Acme Mart,2020-02-29,112450.5,8786.09,3257.14,8988939.98,560808.16,CHF,pm_system
Acme Mart,2020-03-31,115830.72,9050.2,3355.05,9033016.14,589877.58,CHF,pm_system
Acme Mart,2020-04-30,114491.14,8945.53,3316.25,9369498.39,585283.68,CHF,pm_system
Acme Mart,2020-05-31,115415.59,9017.76,3343.03,9412482.13,591188.96,CHF,pm_system
Acme Mart,2020-06-30,116167.3,9076.5,3364.8,9513531.33,628507.6,CHF,pm_system
Acme Mart,2020-07-31,120763.29,9435.59,3497.92,9926967.8,617055.2,CHF,pm_system
Acme Mart,2020-08-31,118749.29,9278.23,3439.59,10401129.69,638677.97,CHF,pm_system
Acme Mart,2020-09-30,125183.14,9780.93,3625.95,10087025.65,632813.66,CHF,pm_system
Acme Mart,2020-10-31,120277.9,9397.67,3483.86,9889082.35,658039.4,CHF,pm_system
Acme Mart,2020-11-30,119797.41,9360.13,3469.95,10205770.22,653025.06,CHF,pm_system
Acme Mart,2020-12-31,122160.02,9544.72,3538.38,9620116.49,655250.82,CHF,pm_system
Acme Mart,2021-01-31,112419.7,8783.68,3256.25,9530218.35,612516.06,CHF,pm_system
Acme Mart,2021-02-28,117611.22,9189.31,3406.62,9900661.44,623949.8,CHF,pm_system
Acme Mart,2021-03-31,124153.96,9700.52,3596.14,9430916.38,667560.47,CHF,pm_system
Acme Mart,2021-04-30,128867.56,10068.8,3732.67,9319369.72,697884.28,CHF,pm_system
Acme Mart,2021-05-31,125879.27,9835.32,3646.11,8935172.11,680895.27,CHF,pm_system
Acme Mart,2021-06-30,125140.44,9777.59,3624.71,8463145.89,714206.93,CHF,pm_system
Acme Mart,2021-07-31,125420.05,9799.44,3632.81,8612310.94,697912.97,CHF,pm_system
Acme Mart,2021-08-31,119824.05,9362.21,3470.72,8728601.83,644529.47,CHF,pm_system
Acme Mart,2021-09-30,120775.57,9436.55,3498.28,8131427.97,695763.79,CHF,pm_system
Acme Mart,2021-10-31,125285.44,9788.92,3628.91,8174424.44,730933.44,CHF,pm_system
Acme Mart,2021-11-30,123357.36,9638.28,3573.06,8396556.0,736775.37,CHF,pm_system
Acme Mart,2021-12-31,125568.0,9811.0,3637.09,8930725.37,758362.65,CHF,pm_system
Acme Mart,2022-01-31,127911.31,9994.09,3704.97,8191758.11,729240.12,CHF,pm_system
Acme Mart,2022-02-28,128719.55,10057.24,3728.38,8230002.3,696272.53,CHF,pm_system
Acme Mart,2022-03-31,139319.64,10885.46,4035.41,8853998.63,713042.07,CHF,pm_system
Acme Mart,2022-04-30,141013.92,11017.83,4084.49,8760053.73,685891.75,CHF,pm_system
Acme Mart,2022-05-31,142751.83,11153.62,4134.83,8872950.04,651823.22,CHF,pm_system
Acme Mart,2022-06-30,145610.48,11376.98,4217.63,8804069.75,602081.09,CHF,pm_system
Acme Mart,2022-07-31,143308.15,11197.09,4150.94,8621999.15,647542.73,CHF,pm_system
Acme Mart,2022-08-31,147133.99,11496.01,4261.76,8046273.1,660131.9,CHF,pm_system
Acme Mart,2022-09-30,141775.5,11077.34,4106.55,8481854.5,647691.72,CHF,pm_system
Acme Mart,2022-10-31,142795.0,11157.0,4136.08,9044115.21,614344.31,CHF,pm_system
Acme Mart,2022-11-30,138237.9,10800.94,4004.08,8780208.24,639861.2,CHF,pm_system
Acme Mart,2022-12-31,133319.35,10416.63,3861.61,7536862.44,628314.04,CHF,pm_system
Acme Mart,2023-01-31,136859.27,10693.22,3964.15,7989172.83,616673.61,CHF,pm_system
Acme Mart,2023-02-28,136538.64,10668.17,3954.86,8450108.44,570552.79,CHF,pm_system
Acme Mart,2023-03-31,136312.58,10650.51,3948.31,8530563.57,580804.91,CHF,pm_system
Acme Mart,2023-04-30,135590.92,10594.12,3927.41,8545253.63,522995.6,CHF,pm_system
Acme Mart,2023-05-31,134269.25,10490.85,3889.13,8739020.98,502446.18,CHF,pm_system
Acme Mart,2023-06-30,135849.54,10614.33,3934.9,8934282.39,495561.68,CHF,pm_system
Acme Mart,2023-07-31,137902.75,10774.75,3994.37,8504216.16,491466.14,CHF,pm_system
Acme Mart,2023-08-31,141806.3,11079.75,4107.44,8570962.76,479935.73,CHF,pm_system
Acme Mart,2023-09-30,144178.22,11265.07,4176.14,8877207.45,440582.12,CHF,pm_system
Acme Mart,2023-10-31,150633.4,11769.43,4363.12,8727957.3,448080.65,CHF,pm_system
Acme Mart,2023-11-30,157550.09,12309.85,4563.46,8129361.83,435365.18,CHF,pm_system
Acme Mart,2023-12-31,157761.77,12326.39,4569.59,7810791.03,465578.42,CHF,pm_system
Acme Mart,2024-01-31,155284.41,12132.83,4497.83,7593828.04,469384.79,CHF,pm_system
Acme Mart,2024-02-29,151237.0,11816.59,4380.6,7443591.48,475345.1,CHF,pm_system
Acme Mart,2024-03-31,151239.15,11816.76,4380.66,7408834.79,465280.48,CHF,pm_system
Acme Mart,2024-04-30,145880.12,11398.05,4225.44,7527966.34,497941.92,CHF,pm_system
Acme Mart,2024-05-31,147419.45,11518.32,4270.02,7612755.38,511739.35,CHF,pm_system
Acme Mart,2024-06-30,143279.93,11194.88,4150.12,8260796.76,515880.94,CHF,pm_system
Acme Mart,2024-07-31,151727.1,11854.89,4394.79,7958024.93,553397.07,CHF,pm_system
Acme Mart,2024-08-31,156772.73,12249.12,4540.94,8178080.27,558577.41,CHF,pm_system
Acme Mart,2024-09-30,157171.58,12280.28,4552.5,8668982.48,561713.49,CHF,pm_system
Acme Mart,2024-10-31,149468.28,11678.4,4329.37,8184738.99,557537.8,CHF,pm_system
Acme Mart,2024-11-30,152353.01,11903.79,4412.92,8161580.89,584722.7,CHF,pm_system
Acme Mart,2024-12-31,144958.85,11326.06,4198.75,8220176.12,542202.15,CHF,pm_system
Acme Mart,2025-01-31,149712.25,11697.46,4336.43,8181352.75,551302.68,CHF,pm_system
Acme Mart,2025-02-28,147329.36,11511.28,4267.41,8704740.45,574274.91,CHF,pm_system
Acme Mart,2025-03-31,151381.85,11827.91,4384.79,8648369.75,587594.81,CHF,pm_system
Acme Mart,2025-04-30,149685.35,11695.36,4335.66,9018327.83,626363.86,CHF,pm_system
Acme Mart,2025-05-31,155989.84,12187.95,4518.27,8689338.12,635419.01,CHF,pm_system
Acme Mart,2025-06-30,151498.23,11837.0,4388.17,8938022.77,646871.89,CHF,pm_system
Acme Mart,2025-07-31,144515.0,11291.38,4185.9,8418820.24,639545.71,CHF,pm_system
Acme Mart,2025-08-31,144655.78,11302.38,4189.97,7909701.8,649496.5,CHF,pm_system
Acme Mart,2025-09-30,147193.66,11500.68,4263.48,7832871.25,629861.14,CHF,pm_system
Acme Mart,2025-10-31,153296.48,11977.51,4440.25,8481200.79,617678.08,CHF,pm_system
Acme Mart,2025-11-30,152014.16,11877.32,4403.11,8689502.34,608832.2,CHF,pm_system
Acme Mart,2025-12-31,152898.59,11946.42,4428.73,9010863.22,562333.1,CHF,pm_system
Acme Cloud,2019-01-31,243479.25,14266.84,876.67,1099653.21,10992719.76,CHF,pm_system
Acme Cloud,2019-02-28,256833.63,15049.35,924.75,1101925.4,11187511.69,CHF,pm_system
Acme Cloud,2019-03-31,266733.67,15629.45,960.4,1045663.16,11399390.58,CHF,pm_system
Acme Cloud,2019-04-30,267259.34,15660.26,962.29,1089935.01,10429426.73,CHF,pm_system
Acme Cloud,2019-05-31,269137.42,15770.3,969.05,1057083.24,10609756.93,CHF,pm_system
Acme Cloud,2019-06-30,275623.98,16150.39,992.41,1019682.27,10307517.26,CHF,pm_system
Acme Cloud,2019-07-31,277465.16,16258.27,999.04,973967.76,10654667.72,CHF,pm_system
Acme Cloud,2019-08-31,277166.55,16240.78,997.96,832402.12,10494923.54,CHF,pm_system
Acme Cloud,2019-09-30,271302.73,15897.18,976.85,764508.25,9975455.62,CHF,pm_system
Acme Cloud,2019-10-31,274906.24,16108.33,989.82,815296.09,10100421.94,CHF,pm_system
Acme Cloud,2019-11-30,272653.35,15976.32,981.71,833880.94,9914941.7,CHF,pm_system
Acme Cloud,2019-12-31,269698.33,15803.17,971.07,785750.88,9220170.48,CHF,pm_system
Acme Cloud,2020-01-31,269240.46,15776.34,969.42,791960.42,9184535.01,CHF,pm_system
Acme Cloud,2020-02-29,268573.02,15737.23,967.02,754510.75,9407993.35,CHF,pm_system
Acme Cloud,2020-03-31,260646.36,15272.76,938.48,783786.82,9030839.31,CHF,pm_system
Acme Cloud,2020-04-30,257369.24,15080.74,926.68,726304.47,8849716.02,CHF,pm_system
Acme Cloud,2020-05-31,267473.4,15672.8,963.06,745029.62,9196066.34,CHF,pm_system
Acme Cloud,2020-06-30,274337.91,16075.03,987.78,703916.28,9074387.95,CHF,pm_system
Acme Cloud,2020-07-31,270660.14,15859.53,974.53,750746.95,8639982.97,CHF,pm_system
Acme Cloud,2020-08-31,280623.39,16443.33,1010.41,784266.07,9272298.47,CHF,pm_system
Acme Cloud,2020-09-30,279980.6,16405.67,1008.09,812198.58,10118544.74,CHF,pm_system
Acme Cloud,2020-10-31,277592.57,16265.74,999.5,749860.7,9357626.11,CHF,pm_system
Acme Cloud,2020-11-30,286303.81,16776.18,1030.86,679255.68,9218265.21,CHF,pm_system
Acme Cloud,2020-12-31,292922.98,17164.04,1054.69,685544.76,9375139.76,CHF,pm_system
Acme Cloud,2021-01-31,297805.62,17450.14,1072.27,729380.75,9018015.79,CHF,pm_system
Acme Cloud,2021-02-28,294735.29,17270.23,1061.22,701202.6,9317483.11,CHF,pm_system
Acme Cloud,2021-03-31,305644.02,17909.43,1100.5,717022.62,9758570.4,CHF,pm_system
Acme Cloud,2021-04-30,297898.62,17455.59,1072.61,776794.49,10353155.65,CHF,pm_system
Acme Cloud,2021-05-31,307451.83,18015.36,1107.01,845999.07,9667104.53,CHF,pm_system
Acme Cloud,2021-06-30,305689.08,17912.07,1100.66,814895.77,9946089.17,CHF,pm_system
Acme Cloud,2021-07-31,299115.47,17526.89,1076.99,845759.75,10491348.16,CHF,pm_system
Acme Cloud,2021-08-31,308345.0,18067.7,1110.22,857759.01,10076783.23,CHF,pm_system
Acme Cloud,2021-09-30,303594.78,17789.36,1093.12,911352.6,10390916.47,CHF,pm_system
Acme Cloud,2021-10-31,306275.35,17946.43,1102.77,892309.45,9548916.46,CHF,pm_system
Acme Cloud,2021-11-30,299498.83,17549.35,1078.37,977588.32,9059837.93,CHF,pm_system
Acme Cloud,2021-12-31,304196.29,17824.6,1095.28,1026831.59,8605062.09,CHF,pm_system
Acme Cloud,2022-01-31,308923.9,18101.62,1112.31,1074985.66,8609364.39,CHF,pm_system
Acme Cloud,2022-02-28,338596.69,19840.32,1219.15,985299.64,8973963.57,CHF,pm_system
Acme Cloud,2022-03-31,340227.35,19935.87,1225.02,1023328.28,9132374.55,CHF,pm_system
Acme Cloud,2022-04-30,336146.43,19696.74,1210.32,1035045.2,8453692.47,CHF,pm_system
Acme Cloud,2022-05-31,345591.28,20250.17,1244.33,1050475.58,8669653.93,CHF,pm_system
Acme Cloud,2022-06-30,360017.49,21095.49,1296.27,1069784.36,8721009.3,CHF,pm_system
Acme Cloud,2022-07-31,354101.66,20748.84,1274.97,1031688.23,9134990.24,CHF,pm_system
Acme Cloud,2022-08-31,372900.94,21850.4,1342.66,1019405.44,9151799.63,CHF,pm_system
Acme Cloud,2022-09-30,366510.0,21475.92,1319.65,1079181.18,9395390.09,CHF,pm_system
Acme Cloud,2022-10-31,391519.37,22941.36,1409.7,1031787.69,9253328.82,CHF,pm_system
Acme Cloud,2022-11-30,398153.03,23330.07,1433.58,1065139.69,9173503.08,CHF,pm_system
Acme Cloud,2022-12-31,391707.4,22952.38,1410.38,1112080.79,9438116.57,CHF,pm_system
Acme Cloud,2023-01-31,384857.13,22550.98,1385.71,1187448.89,9879895.45,CHF,pm_system
Acme Cloud,2023-02-28,390256.25,22867.35,1405.15,1192174.81,10098856.76,CHF,pm_system
Acme Cloud,2023-03-31,384070.26,22504.88,1382.88,1193964.95,9229392.24,CHF,pm_system
Acme Cloud,2023-04-30,398009.58,23321.66,1433.07,1100746.54,9784418.29,CHF,pm_system
Acme Cloud,2023-05-31,398047.95,23323.91,1433.21,1089096.95,9538737.84,CHF,pm_system
Acme Cloud,2023-06-30,398588.83,23355.6,1435.15,1166342.86,8589515.66,CHF,pm_system
Acme Cloud,2023-07-31,417844.24,24483.89,1504.48,1186055.43,8174806.41,CHF,pm_system
Acme Cloud,2023-08-31,408543.29,23938.89,1470.99,1285470.18,7865632.98,CHF,pm_system
Acme Cloud,2023-09-30,398492.92,23349.98,1434.81,1358569.37,7972150.29,CHF,pm_system
Acme Cloud,2023-10-31,391265.15,22926.47,1408.78,1373284.38,7645052.1,CHF,pm_system
Acme Cloud,2023-11-30,408099.19,23912.87,1469.4,1446162.59,7807740.71,CHF,pm_system
Acme Cloud,2023-12-31,416607.99,24411.45,1500.03,1573510.8,7807642.75,CHF,pm_system
Acme Cloud,2024-01-31,406002.72,23790.03,1461.85,1608873.41,8459127.15,CHF,pm_system
Acme Cloud,2024-02-29,397702.9,23303.69,1431.96,1579796.02,8600037.95,CHF,pm_system
Acme Cloud,2024-03-31,401036.78,23499.04,1443.97,1502204.05,8985958.76,CHF,pm_system
Acme Cloud,2024-04-30,432959.8,25369.59,1558.91,1516935.52,8661001.94,CHF,pm_system
Acme Cloud,2024-05-31,417170.27,24444.4,1502.06,1536502.17,9043429.29,CHF,pm_system
Acme Cloud,2024-06-30,427288.75,25037.3,1538.49,1536317.5,8830267.83,CHF,pm_system
Acme Cloud,2024-07-31,417561.56,24467.32,1503.47,1600439.65,9153021.76,CHF,pm_system
Acme Cloud,2024-08-31,402374.05,23577.4,1448.78,1727661.72,9363201.21,CHF,pm_system
Acme Cloud,2024-09-30,423292.61,24803.14,1524.1,1611724.58,8851661.76,CHF,pm_system
Acme Cloud,2024-10-31,425633.81,24940.32,1532.53,1652242.08,9487692.89,CHF,pm_system
Acme Cloud,2024-11-30,438906.08,25718.02,1580.32,1632193.67,9098177.86,CHF,pm_system
Acme Cloud,2024-12-31,459490.78,26924.2,1654.44,1553464.37,9690821.72,CHF,pm_system
Acme Cloud,2025-01-31,460165.53,26963.73,1656.86,1677009.99,9953997.81,CHF,pm_system
Acme Cloud,2025-02-28,462875.96,27122.55,1666.62,1633458.35,9818261.96,CHF,pm_system
Acme Cloud,2025-03-31,473452.45,27742.29,1704.71,1639759.94,9585054.12,CHF,pm_system
Acme Cloud,2025-04-30,475834.41,27881.86,1713.28,1646202.32,8768892.86,CHF,pm_system
Acme Cloud,2025-05-31,487133.12,28543.92,1753.96,1565561.35,8364354.93,CHF,pm_system
Acme Cloud,2025-06-30,467345.61,27384.46,1682.72,1425138.91,7910857.17,CHF,pm_system
Acme Cloud,2025-07-31,462078.34,27075.82,1663.75,1564322.19,7744450.81,CHF,pm_system
Acme Cloud,2025-08-31,469163.15,27490.96,1689.26,1595646.29,7785051.92,CHF,pm_system
Acme Cloud,2025-09-30,472764.78,27702.0,1702.23,1500282.99,8236873.77,CHF,pm_system
Acme Cloud,2025-10-31,503123.79,29480.9,1811.54,1374059.78,7899482.0,CHF,pm_system
Acme Cloud,2025-11-30,503931.65,29528.24,1814.45,1307793.15,8059356.64,CHF,pm_system
Acme Cloud,2025-12-31,497960.99,29178.39,1792.95,1449365.42,8443158.86,CHF,pm_system
Acme Bio,2019-01-31,180551.45,27740.69,15430.57,6115077.56,1195819.12,CHF,pm_system
Acme Bio,2019-02-28,173815.1,26705.69,14854.85,5869610.87,1192280.79,CHF,pm_system
Acme Bio,2019-03-31,175158.69,26912.13,14969.68,6448513.62,1126181.32,CHF,pm_system
Acme Bio,2019-04-30,179567.03,27589.44,15346.43,6928641.93,1228503.89,CHF,pm_system
Acme Bio,2019-05-31,179184.21,27530.62,15313.72,7098888.87,1256502.0,CHF,pm_system
Acme Bio,2019-06-30,182026.87,27967.38,15556.66,7063804.31,1278414.16,CHF,pm_system
Acme Bio,2019-07-31,170019.03,26122.45,14530.43,7304704.58,1284866.47,CHF,pm_system
Acme Bio,2019-08-31,170584.47,26209.32,14578.75,8052290.77,1250178.46,CHF,pm_system
Acme Bio,2019-09-30,170227.56,26154.49,14548.25,8854119.08,1208569.46,CHF,pm_system
Acme Bio,2019-10-31,169120.49,25984.39,14453.64,8789030.05,1249212.9,CHF,pm_system
Acme Bio,2019-11-30,171866.01,26406.22,14688.28,8220983.9,1222621.22,CHF,pm_system
Acme Bio,2019-12-31,170453.16,26189.15,14567.53,8189242.25,1243447.04,CHF,pm_system
Acme Bio,2020-01-31,174296.23,26779.61,14895.97,7462032.72,1296365.22,CHF,pm_system
Acme Bio,2020-02-29,177359.84,27250.32,15157.8,7978603.9,1319398.95,CHF,pm_system
Acme Bio,2020-03-31,184993.36,28423.17,15810.19,8164722.91,1390447.3,CHF,pm_system
Acme Bio,2020-04-30,189741.68,29152.72,16216.0,8124750.37,1516835.33,CHF,pm_system
Acme Bio,2020-05-31,196699.72,30221.78,16810.65,8357826.88,1439397.58,CHF,pm_system
Acme Bio,2020-06-30,191064.42,29355.95,16329.04,8480150.14,1447776.1,CHF,pm_system
Acme Bio,2020-07-31,189454.95,29108.67,16191.49,8539927.87,1539775.14,CHF,pm_system
Acme Bio,2020-08-31,195301.93,30007.02,16691.19,8052721.35,1532907.2,CHF,pm_system
Acme Bio,2020-09-30,192538.6,29582.45,16455.03,7896619.38,1507545.82,CHF,pm_system
Acme Bio,2020-10-31,191705.03,29454.38,16383.79,7401053.06,1499848.01,CHF,pm_system
Acme Bio,2020-11-30,190397.94,29253.55,16272.08,6317002.8,1623013.85,CHF,pm_system
Acme Bio,2020-12-31,198520.91,30501.6,16966.3,6198148.17,1624235.6,CHF,pm_system
Acme Bio,2021-01-31,193528.18,29734.49,16539.6,6723665.25,1747501.35,CHF,pm_system
Acme Bio,2021-02-28,196373.2,30171.61,16782.75,7067759.12,1759753.9,CHF,pm_system
Acme Bio,2021-03-31,190462.02,29263.4,16277.56,6922225.7,1769040.33,CHF,pm_system
Acme Bio,2021-04-30,189769.42,29156.98,16218.37,6846547.33,1762572.75,CHF,pm_system
Acme Bio,2021-05-31,191206.67,29377.81,16341.2,6864436.85,1687797.01,CHF,pm_system
Acme Bio,2021-06-30,189005.78,29039.65,16153.1,6423539.47,1753811.18,CHF,pm_system
Acme Bio,2021-07-31,178956.46,27495.63,15294.25,6794046.12,1851066.98,CHF,pm_system
Acme Bio,2021-08-31,179123.71,27521.33,15308.55,5909754.45,1824314.58,CHF,pm_system
Acme Bio,2021-09-30,180570.04,27743.55,15432.16,5611135.08,1786717.76,CHF,pm_system
Acme Bio,2021-10-31,190664.96,29294.58,16294.9,5797684.89,1720640.36,CHF,pm_system
Acme Bio,2021-11-30,183433.42,28183.49,15676.87,5702887.72,1705949.06,CHF,pm_system
Acme Bio,2021-12-31,187998.34,28884.87,16067.0,5550245.17,1740852.75,CHF,pm_system
Acme Bio,2022-01-31,200792.5,30850.61,17160.44,5776556.7,1737504.15,CHF,pm_system
Acme Bio,2022-02-28,201697.17,30989.61,17237.75,5673539.57,1819558.89,CHF,pm_system
Acme Bio,2022-03-31,199918.32,30716.3,17085.73,5686368.21,1823285.19,CHF,pm_system
Acme Bio,2022-04-30,198908.03,30561.08,16999.38,5296150.99,1846840.18,CHF,pm_system
Acme Bio,2022-05-31,200533.08,30810.76,17138.27,5428618.44,1807421.2,CHF,pm_system
Acme Bio,2022-06-30,209882.86,32247.3,17937.33,5190634.92,1931196.32,CHF,pm_system
Acme Bio,2022-07-31,200977.72,30879.07,17176.27,5303471.56,1967922.32,CHF,pm_system
Acme Bio,2022-08-31,198190.82,30450.88,16938.09,5416009.62,2068642.05,CHF,pm_system
Acme Bio,2022-09-30,186992.14,28730.27,15981.01,5552153.15,1862334.65,CHF,pm_system
Acme Bio,2022-10-31,183444.91,28185.26,15677.85,6004422.21,1818995.74,CHF,pm_system
Acme Bio,2022-11-30,178819.09,27474.53,15282.51,5944997.13,1969456.25,CHF,pm_system
Acme Bio,2022-12-31,170781.09,26239.53,14595.56,5632495.41,2087421.3,CHF,pm_system
Acme Bio,2023-01-31,182006.71,27964.29,15554.94,5603366.61,1983964.3,CHF,pm_system
Acme Bio,2023-02-28,195270.5,30002.19,16688.51,6050078.87,2037844.56,CHF,pm_system
Acme Bio,2023-03-31,192464.06,29571.0,16448.66,6035247.3,2024773.01,CHF,pm_system
Acme Bio,2023-04-30,196299.01,30160.22,16776.41,6473104.93,2095997.8,CHF,pm_system
Acme Bio,2023-05-31,191917.37,29487.0,16401.94,6918615.23,2122250.77,CHF,pm_system
Acme Bio,2023-06-30,197792.34,30389.66,16904.03,7425936.82,2027888.69,CHF,pm_system
Acme Bio,2023-07-31,199557.68,30660.89,17054.91,7228609.43,1900710.92,CHF,pm_system
Acme Bio,2023-08-31,203628.92,31286.41,17402.85,8136362.5,1760812.68,CHF,pm_system
Acme Bio,2023-09-30,205468.01,31568.98,17560.02,8396946.97,1769481.39,CHF,pm_system
Acme Bio,2023-10-31,206825.36,31777.53,17676.03,7851474.43,1785957.86,CHF,pm_system
Acme Bio,2023-11-30,204198.07,31373.86,17451.49,6991768.71,1871297.52,CHF,pm_system
Acme Bio,2023-12-31,212111.07,32589.65,18127.76,7009828.79,1888444.19,CHF,pm_system
Acme Bio,2024-01-31,221068.42,33965.89,18893.29,7088457.92,1956731.66,CHF,pm_system
Acme Bio,2024-02-29,221306.19,34002.43,18913.61,7553455.0,1981839.32,CHF,pm_system
Acme Bio,2024-03-31,224807.6,34540.4,19212.85,7073787.54,2004587.34,CHF,pm_system
Acme Bio,2024-04-30,221444.78,34023.72,18925.46,6848033.72,1939207.67,CHF,pm_system
Acme Bio,2024-05-31,216575.87,33275.64,18509.34,7575559.03,2042477.39,CHF,pm_system
Acme Bio,2024-06-30,231218.78,35525.44,19760.78,7112353.36,2048298.76,CHF,pm_system
Acme Bio,2024-07-31,224558.47,34502.12,19191.56,6864951.97,1973074.82,CHF,pm_system
Acme Bio,2024-08-31,235154.83,36130.19,20097.16,6728947.08,2057394.52,CHF,pm_system
Acme Bio,2024-09-30,241768.24,37146.3,20662.37,7504000.24,1935642.5,CHF,pm_system
Acme Bio,2024-10-31,253319.2,38921.04,21649.56,7934144.87,1860277.96,CHF,pm_system
Acme Bio,2024-11-30,263506.17,40486.21,22520.17,8067496.01,1843351.2,CHF,pm_system
Acme Bio,2024-12-31,259627.87,39890.33,22188.72,7777425.38,1994492.14,CHF,pm_system
Acme Bio,2025-01-31,262229.47,40290.05,22411.06,8081573.27,1931394.44,CHF,pm_system
Acme Bio,2025-02-28,258716.75,39750.34,22110.85,8518780.24,1827131.88,CHF,pm_system
Acme Bio,2025-03-31,258081.24,39652.7,22056.54,8533273.85,1835271.58,CHF,pm_system
Acme Bio,2025-04-30,259275.43,39836.18,22158.6,8702155.78,1886134.71,CHF,pm_system
Acme Bio,2025-05-31,267582.39,41112.5,22868.54,8273224.86,1864696.52,CHF,pm_system
Acme Bio,2025-06-30,279849.14,42997.21,23916.9,8643305.73,1762297.87,CHF,pm_system
Acme Bio,2025-07-31,285598.47,43880.56,24408.26,7788385.45,1765606.4,CHF,pm_system
Acme Bio,2025-08-31,304714.44,46817.62,26041.98,7419257.75,1706682.96,CHF,pm_system
Acme Bio,2025-09-30,314745.91,48358.9,26899.3,6846935.65,1663486.47,CHF,pm_system
Acme Bio,2025-10-31,323525.19,49707.79,27649.61,6629789.93,1647785.16,CHF,pm_system
Acme Bio,2025-11-30,333983.33,51314.62,28543.4,6769528.03,1665371.53,CHF,pm_system
Acme Bio,2025-12-31,333925.32,51305.71,28538.44,6894784.98,1657129.1,CHF,pm_system
Acme Pay,2019-01-31,184039.92,27932.14,23561.95,5076131.55,1652122.79,EUR,pm_system
Acme Pay,2019-02-28,187054.9,28389.73,23947.95,5274830.05,1623631.89,EUR,pm_system
Acme Pay,2019-03-31,191215.3,29021.17,24480.59,5420098.23,1652517.85,EUR,pm_system
Acme Pay,2019-04-30,188391.12,28592.53,24119.02,5460576.47,1676587.78,EUR,pm_system
Acme Pay,2019-05-31,190315.61,28884.62,24365.41,4890907.93,1687350.78,EUR,pm_system
Acme Pay,2019-06-30,204851.14,31090.71,26226.34,4802861.98,1638209.92,EUR,pm_system
Acme Pay,2019-07-31,209194.07,31749.84,26782.35,4877877.45,1716367.95,EUR,pm_system
Acme Pay,2019-08-31,203391.86,30869.23,26039.51,5056256.62,1756903.21,EUR,pm_system
Acme Pay,2019-09-30,204558.43,31046.28,26188.86,5141881.12,1829249.49,EUR,pm_system
Acme Pay,2019-10-31,211957.2,32169.21,27136.1,4848017.65,1889260.45,EUR,pm_system
Acme Pay,2019-11-30,213665.44,32428.47,27354.8,4865682.39,1894791.98,EUR,pm_system
Acme Pay,2019-12-31,214839.04,32606.59,27505.05,5155605.9,1888446.85,EUR,pm_system
Acme Pay,2020-01-31,209771.76,31837.52,26856.31,5054161.66,1901945.07,EUR,pm_system
Acme Pay,2020-02-29,219605.12,33329.95,28115.23,5206568.56,1837238.22,EUR,pm_system
Acme Pay,2020-03-31,238173.98,36148.19,30492.54,5275497.1,1930966.08,EUR,pm_system
Acme Pay,2020-04-30,239471.69,36345.14,30658.68,5416183.86,1995805.49,EUR,pm_system
Acme Pay,2020-05-31,250618.1,38036.86,32085.71,5702528.92,2065434.91,EUR,pm_system
Acme Pay,2020-06-30,250755.29,38057.68,32103.28,5539509.0,2092914.08,EUR,pm_system
Acme Pay,2020-07-31,260282.45,39503.64,33323.0,5477820.83,2182086.61,EUR,pm_system
Acme Pay,2020-08-31,274227.99,41620.18,35108.4,5226848.74,2109037.27,EUR,pm_system
Acme Pay,2020-09-30,275815.43,41861.11,35311.63,5307240.99,2064784.02,EUR,pm_system
Acme Pay,2020-10-31,289762.33,43977.87,37097.2,5419772.24,2068042.0,EUR,pm_system
Acme Pay,2020-11-30,280177.78,42523.2,35870.13,5063201.14,2091287.56,EUR,pm_system
Acme Pay,2020-12-31,265054.38,40227.89,33933.94,5319560.48,2078057.75,EUR,pm_system
Acme Pay,2021-01-31,293492.8,44544.05,37574.8,5933415.48,2062975.29,EUR,pm_system
Acme Pay,2021-02-28,295491.46,44847.39,37830.68,6228775.42,2203519.41,EUR,pm_system
Acme Pay,2021-03-31,283925.66,43092.02,36349.96,5672428.84,2148692.78,EUR,pm_system
Acme Pay,2021-04-30,291728.55,44276.28,37348.93,5813352.85,2240637.19,EUR,pm_system
Acme Pay,2021-05-31,284146.25,43125.5,36378.2,5140124.77,2317537.13,EUR,pm_system
Acme Pay,2021-06-30,279927.85,42485.26,35838.13,4621360.8,2330984.75,EUR,pm_system
Acme Pay,2021-07-31,289388.08,43921.07,37049.29,4593157.29,2288295.25,EUR,pm_system
Acme Pay,2021-08-31,290898.44,44150.3,37242.66,4508050.05,2164906.06,EUR,pm_system
Acme Pay,2021-09-30,287570.44,43645.2,36816.58,4625547.84,2192762.21,EUR,pm_system
Acme Pay,2021-10-31,291896.01,44301.7,37370.37,4395392.5,2176842.48,EUR,pm_system
Acme Pay,2021-11-30,275750.68,41851.29,35303.34,4434616.25,2301258.4,EUR,pm_system
Acme Pay,2021-12-31,266313.39,40418.97,34095.12,4304698.03,2331552.79,EUR,pm_system
Acme Pay,2022-01-31,278985.99,42342.32,35717.55,4208224.45,2266992.07,EUR,pm_system
Acme Pay,2022-02-28,265296.79,40264.68,33964.97,4229988.99,2452166.87,EUR,pm_system
Acme Pay,2022-03-31,270157.23,41002.36,34587.24,4225277.0,2483758.86,EUR,pm_system
Acme Pay,2022-04-30,272768.9,41398.74,34921.6,4053516.45,2565552.01,EUR,pm_system
Acme Pay,2022-05-31,277344.02,42093.11,35507.33,4057086.23,2465457.92,EUR,pm_system
Acme Pay,2022-06-30,290963.06,44160.1,37250.93,4191924.05,2410929.79,EUR,pm_system
Acme Pay,2022-07-31,302617.51,45928.92,38743.01,4087635.09,2335515.57,EUR,pm_system
Acme Pay,2022-08-31,298746.7,45341.44,38247.44,3725660.99,2379567.36,EUR,pm_system
Acme Pay,2022-09-30,285322.71,43304.06,36528.82,3496822.73,2182007.3,EUR,pm_system
Acme Pay,2022-10-31,287439.21,43625.28,36799.78,3470540.53,2153493.16,EUR,pm_system
Acme Pay,2022-11-30,281323.27,42697.05,36016.78,3267126.29,2193493.85,EUR,pm_system
Acme Pay,2022-12-31,279490.01,42418.81,35782.08,3318805.42,2115822.35,EUR,pm_system
Acme Pay,2023-01-31,283803.07,43073.42,36334.26,3535071.73,2165431.26,EUR,pm_system
Acme Pay,2023-02-28,283129.77,42971.23,36248.06,3580532.57,2144585.5,EUR,pm_system
Acme Pay,2023-03-31,286028.0,43411.1,36619.11,3522239.53,2130488.26,EUR,pm_system
Acme Pay,2023-04-30,290708.22,44121.43,37218.3,3347297.16,2043915.55,EUR,pm_system
Acme Pay,2023-05-31,281505.48,42724.71,36040.11,3079468.02,1944394.63,EUR,pm_system
Acme Pay,2023-06-30,285667.22,43356.34,36572.92,2942002.49,1984341.39,EUR,pm_system
Acme Pay,2023-07-31,288821.39,43835.06,36976.74,2652435.27,2036329.2,EUR,pm_system
Acme Pay,2023-08-31,298734.89,45339.65,38245.93,2520627.45,2070555.13,EUR,pm_system
Acme Pay,2023-09-30,294046.26,44628.05,37645.66,2532936.98,1965826.59,EUR,pm_system
Acme Pay,2023-10-31,281169.03,42673.64,35997.04,2484454.39,1956097.4,EUR,pm_system
Acme Pay,2023-11-30,280626.27,42591.27,35927.55,2337370.89,1924807.74,EUR,pm_system
Acme Pay,2023-12-31,285699.67,43361.27,36577.08,2332124.31,1938858.92,EUR,pm_system
Acme Pay,2024-01-31,282813.11,42923.17,36207.52,2468753.9,1847641.55,EUR,pm_system
Acme Pay,2024-02-29,289777.9,43980.23,37099.2,2614643.82,1883183.38,EUR,pm_system
Acme Pay,2024-03-31,290915.06,44152.82,37244.78,2545578.39,1961229.1,EUR,pm_system
Acme Pay,2024-04-30,281405.27,42709.5,36027.28,2422102.02,1930041.03,EUR,pm_system
Acme Pay,2024-05-31,294667.79,44722.38,37725.23,2468093.82,1855306.31,EUR,pm_system
Acme Pay,2024-06-30,294871.34,44753.27,37751.29,2392283.46,1802631.27,EUR,pm_system
Acme Pay,2024-07-31,306479.45,46515.06,39237.44,2228203.54,1918632.81,EUR,pm_system
Acme Pay,2024-08-31,317159.3,48135.96,40604.74,2349736.63,1883104.38,EUR,pm_system
Acme Pay,2024-09-30,318904.24,48400.8,40828.14,2181360.16,1843584.61,EUR,pm_system
Acme Pay,2024-10-31,326816.14,49601.6,41841.07,2322719.18,1761939.12,EUR,pm_system
Acme Pay,2024-11-30,326500.71,49553.73,41800.68,2305147.9,1663567.3,EUR,pm_system
Acme Pay,2024-12-31,335557.99,50928.37,42960.25,2221702.66,1650565.5,EUR,pm_system
Acme Pay,2025-01-31,334363.92,50747.15,42807.38,2134018.89,1650100.37,EUR,pm_system
Acme Pay,2025-02-28,335544.79,50926.37,42958.56,2094341.3,1602018.98,EUR,pm_system
Acme Pay,2025-03-31,342116.69,51923.8,43799.94,2267503.25,1610983.06,EUR,pm_system
Acme Pay,2025-04-30,355761.51,53994.71,45546.84,2109886.61,1621149.1,EUR,pm_system
Acme Pay,2025-05-31,347607.09,52757.09,44502.86,1954079.41,1573203.85,EUR,pm_system
Acme Pay,2025-06-30,363512.54,55171.1,46539.17,2046899.72,1588495.69,EUR,pm_system
Acme Pay,2025-07-31,350432.99,53185.98,44864.65,2026811.38,1607665.65,EUR,pm_system
Acme Pay,2025-08-31,355782.73,53997.93,45549.55,1839960.29,1550412.32,EUR,pm_system
Acme Pay,2025-09-30,358656.62,54434.1,45917.49,1889297.99,1414216.17,EUR,pm_system
Acme Pay,2025-10-31,360498.78,54713.69,46153.33,1902811.08,1462277.57,EUR,pm_system
Acme Pay,2025-11-30,371597.0,56398.09,47574.2,1958237.24,1415488.17,EUR,pm_system
Acme Pay,2025-12-31,354042.73,53733.84,45326.79,1919752.71,1472200.09,EUR,pm_system
Acme Data,2019-01-31,254962.68,74329.07,56302.6,4935650.69,739960.62,CHF,pm_system
Acme Data,2019-02-28,269863.56,78673.11,59593.11,4856179.76,779191.32,CHF,pm_system
Acme Data,2019-03-31,261172.75,76139.48,57673.95,4998442.57,756227.92,CHF,pm_system
Acme Data,2019-04-30,252695.6,73668.15,55801.97,5053059.06,786763.55,CHF,pm_system
Acme Data,2019-05-31,248817.17,72537.47,54945.5,4674328.25,783873.15,CHF,pm_system
Acme Data,2019-06-30,250652.68,73072.57,55350.83,4802479.55,813647.62,CHF,pm_system
Acme Data,2019-07-31,252712.43,73673.05,55805.68,5248030.38,820945.54,CHF,pm_system
Acme Data,2019-08-31,252613.16,73644.11,55783.76,4825152.66,812320.37,CHF,pm_system
Acme Data,2019-09-30,252590.02,73637.37,55778.65,5056833.52,827347.77,CHF,pm_system
Acme Data,2019-10-31,246179.02,71768.37,54362.93,5100386.61,849571.36,CHF,pm_system
Acme Data,2019-11-30,259925.88,75775.98,57398.61,5326717.28,875427.1,CHF,pm_system
Acme Data,2019-12-31,262993.68,76670.34,58076.06,5430138.69,919181.12,CHF,pm_system
Acme Data,2020-01-31,255108.26,74371.5,56334.74,5335263.49,890775.9,CHF,pm_system
Acme Data,2020-02-29,260561.09,75961.17,57538.88,5663441.46,869505.08,CHF,pm_system
Acme Data,2020-03-31,244482.09,71273.67,53988.2,5546712.06,901275.89,CHF,pm_system
Acme Data,2020-04-30,250870.14,73135.97,55398.85,5665463.35,891181.84,CHF,pm_system
Acme Data,2020-05-31,243752.72,71061.03,53827.14,5811432.41,861441.97,CHF,pm_system
Acme Data,2020-06-30,262161.64,76427.77,57892.32,5977205.61,841434.17,CHF,pm_system
Acme Data,2020-07-31,259974.8,75790.24,57409.41,5949428.28,833373.17,CHF,pm_system
Acme Data,2020-08-31,271285.01,79087.5,59907.0,6004881.76,808984.28,CHF,pm_system
Acme Data,2020-09-30,289383.3,84363.68,63903.59,6019686.3,833863.45,CHF,pm_system
Acme Data,2020-10-31,286996.82,83667.95,63376.59,6128978.41,844240.38,CHF,pm_system
Acme Data,2020-11-30,273597.09,79761.54,60417.57,6746557.29,887824.94,CHF,pm_system
Acme Data,2020-12-31,273072.91,79608.73,60301.82,6374730.99,900167.9,CHF,pm_system
Acme Data,2021-01-31,276513.89,80611.87,61061.68,6488095.68,907065.97,CHF,pm_system
Acme Data,2021-02-28,283478.51,82642.26,62599.66,6957608.58,927678.25,CHF,pm_system
Acme Data,2021-03-31,277386.65,80866.31,61254.41,7431617.53,988556.75,CHF,pm_system
Acme Data,2021-04-30,306390.67,89321.82,67659.28,7014148.63,998160.86,CHF,pm_system
Acme Data,2021-05-31,290316.51,84635.74,64109.67,7208142.15,976273.18,CHF,pm_system
Acme Data,2021-06-30,309971.91,90365.86,68450.11,6928965.41,910309.01,CHF,pm_system
Acme Data,2021-07-31,308689.28,89991.94,68166.87,6244561.09,937658.32,CHF,pm_system
Acme Data,2021-08-31,292652.1,85316.63,64625.43,6253446.34,859727.21,CHF,pm_system
Acme Data,2021-09-30,292766.55,85349.99,64650.7,6767285.2,872129.57,CHF,pm_system
Acme Data,2021-10-31,288110.15,83992.52,63622.45,6756727.05,872758.09,CHF,pm_system
Acme Data,2021-11-30,295076.34,86023.37,65160.77,6294952.61,893444.8,CHF,pm_system
Acme Data,2021-12-31,274087.04,79904.37,60525.77,6096697.94,875994.98,CHF,pm_system
Acme Data,2022-01-31,282035.51,82221.59,62281.0,6103596.61,826744.33,CHF,pm_system
Acme Data,2022-02-28,276521.78,80614.17,61063.42,6164229.74,824129.59,CHF,pm_system
Acme Data,2022-03-31,274482.78,80019.74,60613.16,6016031.24,847078.9,CHF,pm_system
Acme Data,2022-04-30,272964.68,79577.17,60277.92,5989533.26,920603.19,CHF,pm_system
Acme Data,2022-05-31,264035.87,76974.17,58306.2,5434949.58,949458.2,CHF,pm_system
Acme Data,2022-06-30,261300.65,76176.77,57702.19,5348469.33,919791.19,CHF,pm_system
Acme Data,2022-07-31,261877.08,76344.81,57829.48,5775955.94,949302.81,CHF,pm_system
Acme Data,2022-08-31,271269.75,79083.05,59903.63,5366952.68,905591.08,CHF,pm_system
Acme Data,2022-09-30,250877.76,73138.19,55400.54,5149757.25,940246.35,CHF,pm_system
Acme Data,2022-10-31,257277.25,75003.83,56813.72,5092720.28,939407.64,CHF,pm_system
Acme Data,2022-11-30,254532.98,74203.8,56207.71,5144859.26,968186.52,CHF,pm_system
Acme Data,2022-12-31,244739.42,71348.69,54045.03,5221941.52,1004297.35,CHF,pm_system
Acme Data,2023-01-31,244139.07,71173.67,53912.45,5404892.4,1117367.35,CHF,pm_system
Acme Data,2023-02-28,245816.24,71662.61,54282.82,5511181.52,1084380.12,CHF,pm_system
Acme Data,2023-03-31,249611.03,72768.9,55120.81,5638013.54,1092831.44,CHF,pm_system
Acme Data,2023-04-30,244471.33,71270.53,53985.82,5696187.07,1156748.79,CHF,pm_system
Acme Data,2023-05-31,250206.4,72942.47,55252.28,5970170.01,1145782.26,CHF,pm_system
Acme Data,2023-06-30,258337.36,75312.88,57047.82,6053533.84,1102200.79,CHF,pm_system
Acme Data,2023-07-31,263389.31,76785.67,58163.42,5753370.37,1074298.35,CHF,pm_system
Acme Data,2023-08-31,267519.21,77989.66,59075.42,5838878.19,1023194.73,CHF,pm_system
Acme Data,2023-09-30,278653.25,81235.56,61534.11,6005871.94,994351.75,CHF,pm_system
Acme Data,2023-10-31,268586.19,78300.72,59311.03,5962358.02,976614.75,CHF,pm_system
Acme Data,2023-11-30,272183.69,79349.49,60105.46,5854106.45,898194.27,CHF,pm_system
Acme Data,2023-12-31,271734.48,79218.53,60006.26,5764650.11,920960.3,CHF,pm_system
Acme Data,2024-01-31,268760.07,78351.41,59349.43,6248498.71,850538.5,CHF,pm_system
Acme Data,2024-02-29,282019.36,82216.88,62277.44,6178415.87,879782.9,CHF,pm_system
Acme Data,2024-03-31,285514.72,83235.88,63049.31,6530448.27,866151.12,CHF,pm_system
Acme Data,2024-04-30,278959.7,81324.9,61601.78,6994274.76,862219.47,CHF,pm_system
Acme Data,2024-05-31,283603.47,82678.69,62627.25,7426084.47,826628.59,CHF,pm_system
Acme Data,2024-06-30,291506.0,84982.51,64372.34,7207054.06,822258.39,CHF,pm_system
Acme Data,2024-07-31,295053.16,86016.61,65155.65,6666445.05,796642.18,CHF,pm_system
Acme Data,2024-08-31,309962.84,90363.22,68448.11,6961832.3,794646.13,CHF,pm_system
Acme Data,2024-09-30,315323.24,91925.93,69631.83,6859408.95,837766.28,CHF,pm_system
Acme Data,2024-10-31,316581.2,92292.66,69909.62,6938923.93,876170.49,CHF,pm_system
Acme Data,2024-11-30,312363.98,91063.22,68978.34,7479739.91,822532.69,CHF,pm_system
Acme Data,2024-12-31,330758.86,96425.86,73040.43,7340364.09,814547.58,CHF,pm_system
Acme Data,2025-01-31,315312.32,91922.75,69629.42,7173446.15,780668.71,CHF,pm_system
Acme Data,2025-02-28,312717.49,91166.28,69056.41,7124196.51,810577.42,CHF,pm_system
Acme Data,2025-03-31,317792.3,92645.73,70177.06,7233793.96,775057.29,CHF,pm_system
Acme Data,2025-04-30,312573.32,91124.25,69024.57,7884374.26,752264.38,CHF,pm_system
Acme Data,2025-05-31,331229.65,96563.11,73144.39,7788554.99,752333.22,CHF,pm_system
Acme Data,2025-06-30,345178.05,100629.48,76224.57,8283865.2,748998.5,CHF,pm_system
Acme Data,2025-07-31,344609.44,100463.71,76099.0,8260703.32,759123.69,CHF,pm_system
Acme Data,2025-08-31,357270.08,104154.66,78894.81,8262450.4,777916.14,CHF,pm_system
Acme Data,2025-09-30,378402.89,110315.49,83561.5,8419977.99,787613.73,CHF,pm_system
Acme Data,2025-10-31,364944.11,106391.86,80589.45,7312443.5,799849.33,CHF,pm_system
Acme Data,2025-11-30,367555.39,107153.13,81166.09,7124227.54,807640.83,CHF,pm_system
Acme Data,2025-12-31,370564.89,108030.48,81830.66,7525955.69,810422.7,CHF,pm_system
Acme Mobile,2019-01-31,128847.25,22567.5,13204.82,2847886.28,12403330.59,USD,pm_system
Acme Mobile,2019-02-28,131990.45,23118.03,13526.95,2809632.66,11492251.49,USD,pm_system
Acme Mobile,2019-03-31,131596.69,23049.07,13486.6,2921149.57,11355550.67,USD,pm_system
Acme Mobile,2019-04-30,131939.96,23109.19,13521.78,3065217.24,11032156.74,USD,pm_system
Acme Mobile,2019-05-31,127152.64,22270.69,13031.15,3040598.77,10818497.43,USD,pm_system
Acme Mobile,2019-06-30,124738.35,21847.83,12783.72,3013936.0,11031191.53,USD,pm_system
Acme Mobile,2019-07-31,125950.97,22060.22,12908.0,3060197.06,11831353.44,USD,pm_system
Acme Mobile,2019-08-31,125914.9,22053.9,12904.3,3102787.14,11590366.11,USD,pm_system
Acme Mobile,2019-09-30,123976.97,21714.48,12705.7,3012044.95,11368406.62,USD,pm_system
Acme Mobile,2019-10-31,126553.74,22165.8,12969.77,3365821.04,11042795.7,USD,pm_system
Acme Mobile,2019-11-30,126237.52,22110.41,12937.37,3355198.0,11217624.74,USD,pm_system
Acme Mobile,2019-12-31,128497.99,22506.33,13169.03,3570617.78,10128890.51,USD,pm_system
Acme Mobile,2020-01-31,120581.5,21119.76,12357.71,3482088.21,10573467.85,USD,pm_system
Acme Mobile,2020-02-29,116123.67,20338.98,11900.86,2958446.16,10815041.73,USD,pm_system
Acme Mobile,2020-03-31,118133.74,20691.04,12106.86,2797180.01,10388695.65,USD,pm_system
Acme Mobile,2020-04-30,115878.29,20296.0,11875.71,2812639.37,10128431.7,USD,pm_system
Acme Mobile,2020-05-31,118754.61,20799.79,12170.49,2411187.6,9781289.08,USD,pm_system
Acme Mobile,2020-06-30,115930.44,20305.13,11881.05,2380283.33,9570777.05,USD,pm_system
Acme Mobile,2020-07-31,119864.57,20994.19,12284.24,2158995.92,9588192.6,USD,pm_system
Acme Mobile,2020-08-31,123070.96,21555.79,12612.84,2359420.63,9403422.01,USD,pm_system
Acme Mobile,2020-09-30,125499.61,21981.17,12861.74,2146617.07,8503719.06,USD,pm_system
Acme Mobile,2020-10-31,129935.17,22758.05,13316.32,2146020.28,8904588.69,USD,pm_system
Acme Mobile,2020-11-30,125880.92,22047.95,12900.82,2201806.31,9570230.86,USD,pm_system
Acme Mobile,2020-12-31,128724.72,22546.04,13192.27,2232255.25,9573506.21,USD,pm_system
Acme Mobile,2021-01-31,123945.63,21708.99,12702.48,2383554.49,9339584.23,USD,pm_system
Acme Mobile,2021-02-28,127060.94,22254.63,13021.75,2197275.62,8898957.72,USD,pm_system
Acme Mobile,2021-03-31,133801.86,23435.3,13712.59,2159119.68,9416263.2,USD,pm_system
Acme Mobile,2021-04-30,134825.85,23614.65,13817.54,1960275.79,9752260.93,USD,pm_system
Acme Mobile,2021-05-31,133788.13,23432.9,13711.19,2028756.93,9762095.45,USD,pm_system
Acme Mobile,2021-06-30,128932.49,22582.43,13213.56,2045422.64,10619685.05,USD,pm_system
Acme Mobile,2021-07-31,132128.67,23142.24,13541.12,2039540.23,11076477.38,USD,pm_system
Acme Mobile,2021-08-31,134285.02,23519.92,13762.11,2060907.91,10592822.92,USD,pm_system
Acme Mobile,2021-09-30,136569.93,23920.13,13996.28,2167605.58,10238572.58,USD,pm_system
Acme Mobile,2021-10-31,143771.93,25181.55,14734.37,2157666.46,9874992.88,USD,pm_system
Acme Mobile,2021-11-30,149512.6,26187.02,15322.7,2126726.14,10175001.04,USD,pm_system
Acme Mobile,2021-12-31,149699.08,26219.69,15341.81,2120364.45,10375880.07,USD,pm_system
Acme Mobile,2022-01-31,152502.48,26710.7,15629.11,1908801.72,9910524.45,USD,pm_system
Acme Mobile,2022-02-28,158279.62,27722.56,16221.18,1896190.59,9702906.37,USD,pm_system
Acme Mobile,2022-03-31,153411.38,26869.89,15722.26,1793821.3,8918213.45,USD,pm_system
Acme Mobile,2022-04-30,154479.37,27056.95,15831.71,1740146.8,8573403.97,USD,pm_system
Acme Mobile,2022-05-31,155708.45,27272.22,15957.67,1771814.91,9291237.23,USD,pm_system
Acme Mobile,2022-06-30,150203.14,26307.97,15393.47,1874525.34,9652889.92,USD,pm_system
Acme Mobile,2022-07-31,148194.51,25956.16,15187.61,1893573.89,9476190.59,USD,pm_system
Acme Mobile,2022-08-31,150502.0,26360.32,15424.09,2036456.44,9705744.19,USD,pm_system
Acme Mobile,2022-09-30,154303.41,27026.13,15813.68,1992641.14,9129589.22,USD,pm_system
Acme Mobile,2022-10-31,154881.43,27127.37,15872.92,2112857.99,8571892.61,USD,pm_system
Acme Mobile,2022-11-30,151527.83,26539.99,15529.23,2126197.28,8234278.41,USD,pm_system
Acme Mobile,2022-12-31,149440.43,26174.38,15315.3,2081164.57,7784483.45,USD,pm_system
Acme Mobile,2023-01-31,146567.63,25671.22,15020.88,2154362.03,7377395.51,USD,pm_system
Acme Mobile,2023-02-28,141007.42,24697.35,14451.05,2086496.94,7593392.52,USD,pm_system
Acme Mobile,2023-03-31,141584.47,24798.42,14510.19,2038029.59,7606865.87,USD,pm_system
Acme Mobile,2023-04-30,135585.36,23747.68,13895.37,2088440.83,7723535.43,USD,pm_system
Acme Mobile,2023-05-31,135276.33,23693.55,13863.7,2193481.52,7375205.19,USD,pm_system
Acme Mobile,2023-06-30,141206.48,24732.21,14471.45,2210425.47,7275919.41,USD,pm_system
Acme Mobile,2023-07-31,142534.35,24964.79,14607.54,2198570.43,7631066.61,USD,pm_system
Acme Mobile,2023-08-31,139355.78,24408.07,14281.78,2114747.82,7947390.47,USD,pm_system
Acme Mobile,2023-09-30,138259.6,24216.07,14169.44,2209967.83,8487633.72,USD,pm_system
Acme Mobile,2023-10-31,137975.64,24166.33,14140.34,2285257.28,8095949.02,USD,pm_system
Acme Mobile,2023-11-30,142479.44,24955.17,14601.91,2308044.03,8249136.77,USD,pm_system
Acme Mobile,2023-12-31,141144.81,24721.41,14465.13,2116351.35,8415192.58,USD,pm_system
Acme Mobile,2024-01-31,133819.1,23438.32,13714.36,2082770.09,8732001.64,USD,pm_system
Acme Mobile,2024-02-29,135927.68,23807.64,13930.46,2285667.58,9090051.83,USD,pm_system
Acme Mobile,2024-03-31,134620.47,23578.68,13796.49,2288789.05,9072827.75,USD,pm_system
Acme Mobile,2024-04-30,129576.87,22695.3,13279.6,2181170.31,8869320.26,USD,pm_system
Acme Mobile,2024-05-31,122957.23,21535.87,12601.19,2186349.88,8780956.35,USD,pm_system
Acme Mobile,2024-06-30,118015.97,20670.41,12094.79,2230537.41,9032398.24,USD,pm_system
Acme Mobile,2024-07-31,119999.94,21017.9,12298.11,2194395.1,9246083.88,USD,pm_system
Acme Mobile,2024-08-31,123648.73,21656.99,12672.06,2228123.35,8941106.52,USD,pm_system
Acme Mobile,2024-09-30,125911.26,22053.27,12903.93,2361307.27,8727725.56,USD,pm_system
Acme Mobile,2024-10-31,135095.0,23661.79,13845.12,2299248.46,8739039.14,USD,pm_system
Acme Mobile,2024-11-30,133720.46,23421.04,13704.25,2324916.21,8130025.4,USD,pm_system
Acme Mobile,2024-12-31,132867.16,23271.59,13616.8,2197961.7,8174037.57,USD,pm_system
Acme Mobile,2025-01-31,138159.71,24198.57,14159.2,2268956.54,7398596.26,USD,pm_system
Acme Mobile,2025-02-28,148005.26,25923.02,15168.22,2302455.41,7168796.11,USD,pm_system
Acme Mobile,2025-03-31,150182.99,26304.44,15391.4,2322738.87,6977576.01,USD,pm_system
Acme Mobile,2025-04-30,152576.53,26723.67,15636.7,2252188.9,6864717.35,USD,pm_system
Acme Mobile,2025-05-31,150960.99,26440.71,15471.13,2090856.58,6904762.4,USD,pm_system
Acme Mobile,2025-06-30,155121.32,27169.39,15897.5,2144683.97,7131217.96,USD,pm_system
Acme Mobile,2025-07-31,158181.9,27705.45,16211.16,2087557.57,7370731.0,USD,pm_system
Acme Mobile,2025-08-31,153321.68,26854.18,15713.07,1993547.41,7086456.63,USD,pm_system
Acme Mobile,2025-09-30,159822.77,27992.84,16379.33,2087522.09,7224587.32,USD,pm_system
Acme Mobile,2025-10-31,166560.56,29172.96,17069.85,1995745.97,7325325.56,USD,pm_system
Acme Mobile,2025-11-30,167600.7,29355.14,17176.44,2080254.05,7291563.36,USD,pm_system
Acme Mobile,2025-12-31,167341.2,29309.69,17149.85,2136515.41,7547109.08,USD,pm_system
